countries,Reservoirs_prior,Termites_prior,Seeps_prior,Wetlands_prior,BiomassBurn_prior,OtherAnth_prior,Rice_prior,Wastewater_prior,Landfills_prior,Livestock_prior,Coal_prior,OG_prior,Total_prior,Reservoirs_post,Termites_post,Seeps_post,Wetlands_post,BiomassBurn_post,OtherAnth_post,Rice_post,Wastewater_post,Landfills_post,Livestock_post,Coal_post,OG_post,Total_posterior
Haiti,0.0,0.0012911746486964,0.0005079856889256,0.0116552687046691,0.0002088194838744,0.0286154845430733,0.0224717496542488,0.0051597884124903,0.0015105254505936,0.1355667447538944,0.0,1.6416558217886567e-05,0.2070039578986838,0.0,0.0014776947812103,0.0006433379540453,0.0148815499858006,0.000266369968329,0.0336430950498842,0.0271305822997729,0.0063091196071063,0.0018512031248488,0.1541439206485877,0.0,2.0508400658010323e-05,0.24036738182024311
Dominican Rep.,0.0005576504382128,0.0036640459914865,0.0004807808415745,0.0399552358896753,0.0006817303352274,0.01103403788013,0.0184368225549022,0.0587021977135919,0.1470201913107303,0.2029427565586432,0.0,0.0019236723518149,0.48539912186598894,0.0006241366229118,0.0042317190013159,0.0005432086330746,0.0549566889544223,0.000875626023256,0.01464574751927,0.0232734255980636,0.0787213871411487,0.1975481625809906,0.2404823827868699,0.0,0.0025849489028301,0.6184874337641535
Bahamas,0.0,0.0016929970185247,0.0,0.0,0.0,0.0004980829830927,0.0,2.1723110424657948e-05,0.0001047273099767,0.0002337359895801,0.0,5.82363455538694e-05,0.0026095027571527273,0.0,0.00070223771872,0.0,0.0,0.0,0.0002464333200244,0.0,1.4981762838213012e-05,7.222718143464563e-05,0.0001584147483873,0.0,4.377491794171049e-05,0.001238069649346269
Mexico,0.5195473751587746,0.1392399745093334,0.008140190039243,0.5636596149047916,0.0315582207822245,0.1442075947285138,0.0077730554441277,0.4717678457358438,0.523626486081811,1.9685500737723676,0.4574514396139895,0.6673648645534704,5.502886735324491,0.4722890114032593,0.1767744193386982,0.0118910891163985,0.6171946454347826,0.0493548754480016,0.2349832551158854,0.0057796791524543,0.6684873917220018,0.7930505949345348,3.1611948164314323,0.1661323123778472,0.828991126565347,7.1861232170406435
Nicaragua,0.0016318422520178,0.0159735668722879,0.0043931784646036,0.2831636718628919,0.0009845438821839,0.0177653516100525,0.0102846280167066,0.0145971828924434,0.0135604610206553,0.1533901791937898,0.0,0.0001355050628584,0.515880111130491,0.0010337073221931,0.0090187040528606,0.001882714988098,0.1245045044891834,0.000527094332147,0.008749103420076,0.0051225600756786,0.0057173671015126,0.0053389357475033,0.0838146699217826,0.0,4.763100644534761e-05,0.24575699245748056
Honduras,0.0192762968225036,0.0145755196929751,0.0012805904107202,0.0748020581892747,0.0007991422008403,0.024465929949274,0.0012903736155256,0.0149104282588718,0.0316339178544345,0.1032053454309847,0.0,1.3375666999775846e-05,0.28625297809240424,0.0441411011407546,0.0194406026439132,0.001258925208431,0.0826380176853626,0.0009537752870438,0.0365671081086781,0.0016354946542906,0.0236981967299101,0.0502949946805007,0.1506051594373024,0.0,3.0500019849120024e-05,0.4112638755960362
El Salvador,0.0341267388208379,0.0025186619179548,0.0007896374939736,0.063133047399061,0.0003714537585573,0.0065727799888608,0.0002064812738496,0.0309039459944142,0.0400097400683084,0.0737278740355197,0.0,1.8960881091754592e-06,0.25236225683944646,0.0365648647266794,0.0026327701134585,0.000889106161512,0.0689726909877962,0.0003818299244206,0.0069418584390783,0.0002136289639965,0.0309639823264231,0.0400891190456595,0.0801491695468005,0.0,1.957608574249919e-06,0.2678009778443988
Guatemala,0.002837998306063,0.0125230723832031,0.0021045250553983,0.1287330338612968,0.0046973369159541,0.1024187733923284,0.0003734515650321,0.0145452113812693,0.0359686005629073,0.1479184129652423,0.0,0.0078594980980284,0.4599799144867231,0.0062778735423705,0.0294912402463019,0.0047567226371125,0.2684524069881131,0.0085668522658081,0.1876528452451263,0.0006414439814848,0.0155548665881655,0.0383672050702846,0.297713972416062,0.0,0.0229704300711454,0.8804458590519747
Belize,0.0006387340045268,0.0050838092624469,0.0001617722798775,0.0460419197883469,0.0001311151626152,0.0011392608104363,0.0006873815997375,0.0016276975270469,0.0051382315032088,0.0051692463403895,0.0,0.0004730677802751,0.0662922360589074,0.001874187244881,0.0105449318647783,0.0003566169049588,0.126832123469733,0.0003500188556853,0.0031922050068896,0.0019771877957003,0.0045658898801746,0.0143935045940908,0.0151482556373761,0.0,0.0013880497464203,0.18062297100068808
Puerto Rico,0.0004187388395637,0.0004747076274134,0.0003311871759668,0.0394940352364728,0.0,0.0018302327635336,4.9424676192713005e-06,0.022440867478448,0.056135723577384,0.0333605988645191,0.0,0.0018252104627609,0.1563162444936816,0.0003488843794131,0.0003325369546249,0.0002733023515293,0.0329055981249655,0.0,0.0015587043293304,4.117959895756686e-06,0.0191706475546346,0.0474712221754327,0.0286768723858693,0.0,0.0015207269052525,0.13226261312094806
Jamaica,0.0,0.000371304580596,0.0007043392250019,0.0,7.062570998825185e-05,0.0016869596325638,0.0,0.0173941303520278,0.0052023767222726,0.013382163468188,0.0,0.0029035965360566,0.04171549622669496,0.0,0.0001043689382961,0.0002034983630853,0.0,2.430303439613708e-05,0.000578098414979,0.0,0.0059854994492309,0.0017901914252484,0.0046049403130418,0.0,0.0009991574810366,0.014290057419314238
Cuba,0.0,0.0032478808924769,0.0019921369493433,0.2300715803945102,0.0114912092208054,0.0087317697855103,0.011898440818695,0.0300757275164941,0.0662578541058244,0.1775957222637904,0.0,0.0940191168265021,0.6353814387739521,0.0,0.0012982203169742,0.0006574211899003,0.1045014916208984,0.0056622931922547,0.0044117348208549,0.0060917857053483,0.0147983776296827,0.0326092218804681,0.098532981698965,0.0,0.026598386832272,0.2951619148876186
United States of America,2.0097688641515505,0.5844555101042809,0.2743067008805526,11.156237906618546,0.0399456082503989,0.7227294658589027,0.5990545206722313,0.7626846237764286,4.455207471259434,9.31132057373438,1.8430944753363347,7.237480947651206,38.996286668294246,1.673332236788816,0.6238986603625924,0.2626048113122035,8.962026053585936,0.0323595789609225,0.8334479091409748,0.4152352876914743,0.7050881557927888,4.96535965602342,11.25383276129019,1.9870592386892072,11.409925885725196,43.12417023536372
Canada,3.0673432201726603,0.2766839810810466,0.0379115541504814,14.25175024647164,0.0154780024702663,0.0496625784017303,2.692307497756589e-06,0.0364023946948016,0.7296918501760488,1.1385664490580631,0.0534926017300805,1.628509176552841,21.28549474726716,1.7564778826372551,0.2925047659754947,0.0264681909640192,8.737767563132753,0.0103923166347722,0.0453559774572715,7.575239116110455e-07,0.032953024602167,0.7569919566813121,1.1905530001019662,0.0293667933937437,1.408393059847357,14.287225288952024
Argentina,0.3074525455273189,0.1795479941435857,0.0135377548741166,1.904789965064075,0.0809533627221216,0.101347365191337,0.0176507349745023,0.4553444333081691,0.2787444502720991,2.72447822128027,0.0002619993260943,0.3450052072312051,6.409114033914895,0.2017603168468887,0.2334120088131324,0.0223490018321438,1.6479082585055127,0.1036338679927652,0.1377647729007698,0.01404448839011,0.748353261687005,0.4608345762127394,3.3320669933564835,0.0002536363271693,0.5406849664791975,7.443066149343917
Chile,0.0284485568892941,0.0522717310101145,0.0089606085102894,0.8297053247560919,0.0926080165349519,0.0375710900391339,0.0077372970978117,0.2206420964637664,0.0662524016819029,0.2303460889688343,0.0002688012424984,0.0334706754911392,1.6082826886858286,0.0104241506958816,0.0358134682030115,0.0050563011616384,0.4892800252854616,0.0337408096732705,0.0201360991570365,0.004493710915265,0.1190467040897143,0.0357515205353861,0.0735168533474601,0.0001901203684779,0.0187718492980547,0.8462216127306581
Falkland Is.,0.0,0.0001162504007291,0.0,0.0149985285982617,2.0849122386342746e-05,1.363020959021926e-05,0.0,1.5678918447683305e-05,2.4416730691626896e-05,0.0,0.0,2.5334046519196944e-07,0.015189607320571862,0.0,0.000111253714465,0.0,0.0143264953318426,1.978355938571869e-05,1.3039106656094257e-05,0.0,1.5570668779904636e-05,2.4248153687468976e-05,0.0,0.0,2.508217332013796e-07,0.014510641356549987
Uruguay,0.1818072488529959,0.0156752069058903,0.0,0.0820111232838141,0.0006431537007945,0.0101652661718377,0.0141135086168122,0.0488078093489169,0.0017802411636066,0.6886320435187423,0.0,0.0002441329878866,1.0438797345512971,0.1012634394097404,0.020279020458548,0.0,0.1154488083817458,0.000932943485339,0.010416232356228,0.0261098284332692,0.0406758034708801,0.0015374598294333,0.9066165897509332,0.0,0.0002210857563224,1.2235012113324393
Brazil,4.424498330149975,1.3574143552527351,0.002600056664986,43.98093385944013,1.3805669576124882,0.6885839092380529,0.462231959389502,1.7730942645683312,1.0950546186704568,12.449614883589367,0.0451997351860455,0.1597020059210553,67.81949493568312,3.484608248757369,2.352687014915016,0.0029696360982765,31.86239907258762,1.7898657215626927,1.2101348962298837,0.5532932567556562,3.000159427639042,1.8527096959551168,10.390873921574167,0.0571229178011614,0.1274034354632713,56.68422724533927
Bolivia,0.0001928818538529,0.1864003810640486,0.0099857513587384,7.562253509843188,0.821894601266832,0.0124536259118501,0.0182218072283545,0.061947264327106,0.0120161307846102,0.4495833305718334,0.0,0.0610100375637482,9.195959321774163,0.0001618793286577,0.3051882753842252,0.0441337713330643,2.8910016896497512,0.2985856393815878,0.0133605925732505,0.0931927363074138,0.0603110572110602,0.0117228710140686,0.2114022423231517,0.0,0.0817910083370352,4.0108517628432665
Peru,0.0041563210927638,0.1967272849005566,0.0052017264972721,6.1170641036073095,0.0277590741010227,0.0433033278231706,0.0539523519540182,0.1833459463290058,0.2497237643423547,0.4582182033038424,0.0045616868741084,0.0838356263951215,7.427849417220546,0.1012409117675554,0.5995123406615783,0.0144150102253854,5.5085608264522135,0.0943137362803069,0.1503070381871621,0.1191012521183099,0.3012755241742861,0.4108999126775671,1.2244095012514662,0.0088860291934943,0.226192596855665,8.75911467984499
Colombia,0.1249020100594917,0.1759626448314771,0.018122203643505,4.718837305340172,0.0453303676884103,0.0637146384760916,0.0,0.2048655030189739,0.4814877068996665,1.5872602950278194,0.1898231681631601,0.2503450795914509,7.860650922740219,0.1496425014984857,0.4389064814458066,0.0788134356760329,4.607709403755241,0.1494248033242694,0.1767447243434517,0.0,0.5209863704447769,1.2119863095478942,2.6576154462246144,0.2955202862615746,1.011309771740217,11.298659534262365
Panama,0.0231684817809094,0.0037223604815726,0.0007188604246705,0.1732434935321025,0.0013465684752731,0.0045462621616289,0.0063074315654427,0.01633489882708,0.0333884484100637,0.0843523519822566,0.0,0.0004988585071134,0.3476280161481134,0.0195249709934778,0.0030564677593098,0.0005568588502652,0.1439515228626736,0.0010645166855217,0.0035841851896395,0.0045891624393494,0.0133681098557147,0.0273201145608919,0.0655174258676831,0.0,0.0004011050620599,0.28293444012658664
Costa Rica,0.0048665599160047,0.0029166390917343,0.0026030987489828,0.1769499658146175,0.002306395157534,0.0041222314172844,0.0111492586356214,0.0188800838567614,0.0440908396554844,0.0893348146136044,0.0,1.0164082506019608e-05,0.35723005099013533,0.0063474168231489,0.0034421623063754,0.0031199720253505,0.2302098997968785,0.0031537003787924,0.0054098097880821,0.0149464926884591,0.0246752952401864,0.0576225418908952,0.1179659012638483,0.0,1.325718488306154e-05,0.4669064493868999
Venezuela,0.6719643731148005,0.1344087335216014,0.0263510926493807,1.2080035703008,0.1208889105791111,0.0213165291342899,0.0290730417390731,0.1363829438876329,0.1525747482038258,0.790029230028077,0.0003581527813637,0.6258865597595885,3.917237885699545,0.7618347225616444,0.5699080934282493,0.1775501442396337,2.375055930207284,0.3800334117925353,0.1578168652817238,0.0307597566007003,0.8377049112893862,0.9400316976283024,2.49028628073033,0.0003042590951485,3.699926524524553,12.42121259737949
Guyana,0.0,0.0350791505146684,4.577199605160859e-05,0.5866535200927877,0.0149464363609932,0.0013750898579811,0.0231298788391671,0.000694734702115,0.0020970575675877,0.0164913849298815,0.0,7.714854797996489e-05,0.6805901734092131,0.0,0.0528335154703248,5.7019358501659807e-05,1.100974825439588,0.0296144368329123,0.0030710384129441,0.0652844481182143,0.00238460226408,0.007209652381593,0.0306487671597301,0.0,0.0002159419419113,1.2922942473797996
Suriname,0.0725852808366732,0.0186802698789844,1.5761260462597173e-05,0.3719088100974921,0.0066652441490238,0.0006768427935263,0.0114501562178638,0.0013655161141555,0.0025884681147898,0.00270009858447,0.0,0.0099239611935814,0.49856040924102296,0.0507430061619704,0.0216402909759009,2.516953330236672e-05,0.6623000043255935,0.012466017741833,0.0010927274678999,0.0311765060856451,0.0016323484484591,0.0030953598766979,0.00367389091395,0.0,0.0116841063648779,0.7995294278961301
Ecuador,0.0031745468240955,0.0280543206876911,0.0039195013077524,1.1931608489503036,0.0021122960852499,0.0121573961335549,0.0172376134197758,0.0387154612646594,0.0543442446172321,0.3922192923538916,0.0,0.0361168803086201,1.7812124019528266,0.0030127854838393,0.0446626492839134,0.003561048265504,1.1717787541219544,0.0036880169142603,0.0226198134141518,0.0555700836554571,0.0537125395022096,0.0753747187767096,0.8104962944519821,0.0,0.0299191961825458,2.2743959000525273
Paraguay,0.4595816624996429,0.0360224470628696,8.083902019626007e-06,1.2422549004041912,0.0719313258117842,0.0325704601284257,0.0247688948554731,0.0391363078102299,0.0114179538962679,0.7395472587423397,0.0,0.0015056342201864,2.65874492933343,0.1540185196158289,0.0268118043829289,1.1388366821973784e-05,0.7444289995053331,0.042901193277301,0.0250311106380617,0.0158717847373838,0.0332038140498492,0.0090868079845708,0.5594740343414575,0.0,0.0019518142917438,1.6127912711912806
Trinidad and Tobago,0.0,0.0004266124482858,0.0016234277577628,0.0,0.0003886899836822,0.0122603113944597,0.0,0.0132990139555687,0.0112521135177156,0.004741798580977,0.0,0.0662512571732723,0.1102432248117241,0.0,0.000218817719224,0.0006798430348094,0.0,0.0001605520489995,0.0050809884475346,0.0,0.0054628862216695,0.0044817633780274,0.0015201210132341,0.0,0.0273758136946343,0.0449807855581328
Tunisia,0.0056900708864951,0.0047376723494516,0.002048453187204,0.0077166573454646,0.0002126994991144,0.0141261863032787,0.0,0.0518451445981021,0.0882368676406586,0.1087252957906673,0.0,0.0235746323647661,0.30691367996520247,0.0078469803484965,0.0048981375473252,0.00192861228924,0.0096540316641228,0.0003949445552071,0.0160523147392955,0.0,0.0628967633643185,0.106942534427677,0.1216761523644109,0.0,0.0281538858786915,0.360444357178785
Sweden,0.3590543637166676,0.0097373582621812,0.0009487563616701,0.6240971149216776,0.0002356234496503,0.0435147292801113,0.0,0.0204661986499117,0.0029289827596605,0.1287979811715008,0.0,0.0014375439358439,1.191218652508875,0.14236359133815,0.0201974692377701,0.0014539146450541,0.5833398568780841,0.0002140212596912,0.0498828312913642,0.0,0.029145165482719,0.0034355848044968,0.2050759210643628,0.0,0.0017392745530436,1.0368476305547358
Belarus,0.0,0.0150029047758304,0.0003936124959956,0.1846555961798885,0.0006889023547581,0.0230148585308979,0.0,0.0435841838196174,0.1869227945278988,0.3572534169105287,0.0,0.1154254448999282,0.9269417144953437,0.0,0.023510141472374,0.0005144149999608,0.3816544415886955,0.0011189765314088,0.031779203199891,0.0,0.0618562802236502,0.2652595871334937,0.2457693211426742,0.0,0.159544546922934,1.171006913215082
Ukraine,0.3756060555927019,0.0495720517231803,0.0097328476907015,0.19884765267383,0.023543052971795,0.0611606637302427,0.0,0.0977412590739625,0.3556742704172744,0.3318046251898356,0.3498290890649485,1.4402816939161047,3.293793262044577,0.2001149203665269,0.0612267319460043,0.0090533164747656,0.2201875919023727,0.0218523688125326,0.0667122996030172,0.0,0.0911013553771514,0.3318210270829704,0.443984483586888,0.1462510370019318,1.530952917270514,3.123258049424675
Poland,0.030791189111085,0.0205036950772669,0.0095165899847536,0.0998480397201605,0.0003460824227572,0.219534662892482,0.0,0.0545740999384059,0.0740358474717679,0.5788894861125146,0.5659039182471711,0.1065582894807967,1.7605019004591613,0.0207657879625071,0.0233343996115987,0.0059377572333499,0.1880771730654854,0.0003038995835682,0.2036217620260238,0.0,0.0524227528146946,0.0658992299911493,0.6454705338020561,0.4302645881756791,0.0797062241991756,1.7158041084652877
Austria,0.0344871052261093,0.0058565520364433,0.0076584649329186,0.01863404026943,0.0001605716618127,0.0361200661359671,0.0,0.0147218553346362,0.0203663660961821,0.1719592189955682,0.0,0.0101506886961689,0.3201149293852364,0.0550830655485676,0.0093936626903646,0.0117887304067005,0.0312942936534173,0.000211960927712,0.0529582476916216,0.0,0.0229088612612344,0.0296731552156845,0.307902581477203,0.0,0.0137269324214687,0.5349414912939743
Hungary,0.0111876635431522,0.0072323465366384,0.0028044797591419,0.0185262281152592,0.0002315339462179,0.0234614020093269,0.0,0.0454282781655527,0.0829289207903617,0.111501540552319,0.0012663799322327,0.0598294197249272,0.3643981930751299,0.0107069004734814,0.0163885611611093,0.0053281804139886,0.0415367254020077,0.000580906159175,0.0365568126365475,0.0,0.0551153788348387,0.1412970020992906,0.2685367539514262,0.0027644311474443,0.1093281972874459,0.6881398495667552
Moldova,0.0108271808703376,0.0020799499014184,0.0054869451048674,0.0041883005865659,0.0003275899099525,0.0094745539620695,0.0,0.0247645486698438,0.045717140357146,0.0283674752568182,0.0,0.0178385662521046,0.1490722508711239,0.0052193076753404,0.0010755853733937,0.0029257463626373,0.0021877703141848,0.0001700202532238,0.0048167601677554,0.0,0.0125482296420442,0.0232134407045918,0.0147229912269322,0.0,0.0091338516004695,0.07601370332057311
Romania,0.0931747625466673,0.0171061940287465,0.0852040510585137,0.0500231580310255,0.0024660567259581,0.0441827319192229,0.0,0.0421843623454374,0.175360512333347,0.3283595009121953,0.2220637104800635,0.0975401443451923,1.1576651847263695,0.0744573100193121,0.0166765893591068,0.1025611164823028,0.0377158678248186,0.0020319335473898,0.0430344494489952,0.0,0.0341199860504231,0.1778390927821179,0.3284966789364506,0.0888691742659505,0.0995696345478004,1.005371833264668
Lithuania,0.0027737451189523,0.0043825060288628,0.0002574209369548,0.0142639880325105,0.000162995467403,0.0098779883574535,0.0,0.019443117829935,0.0101438616635924,0.0707339684974239,0.0,0.0112864646964845,0.1433260566295727,0.0017582224990255,0.003348869684499,0.0001748436263092,0.0107527509275648,0.0001130710562659,0.0077466425302601,0.0,0.0144891800825641,0.0077253897282905,0.0546496542842624,0.0,0.0086528578805755,0.109411482299617
Latvia,0.0032504979641182,0.0034672608245248,5.080940620930578e-05,0.0300020454664055,4.363760645891829e-05,0.0091911559621766,0.0,0.004171145873642,0.0142865204185115,0.0378758983115541,0.0,0.0041721203555517,0.10651109218915264,0.0023623935110752,0.0034799725548085,4.340139424504012e-05,0.0279164000997979,4.010301895089114e-05,0.0080315791704908,0.0,0.0032782356408818,0.0120834006468051,0.033001196903884,0.0,0.0037250222037125,0.09396170514465173
Estonia,0.0,0.0031017481846628,0.0,0.0320043418981434,4.646049450090018e-05,0.0123495997026211,0.0,0.0047779397687313,0.0051365747815712,0.0290012873228508,0.0,0.0009242630801108,0.0873422152331923,0.0,0.0030608819777491,0.0,0.0327479574238345,4.418142121326609e-05,0.0116091944686845,0.0,0.0044337235068325,0.0048091803271111,0.0273215286426276,0.0,0.0008689255516901,0.08489557331974268
Germany,0.0058149600281029,0.0270027684330647,0.0115063525950792,0.1829681010202828,0.0010598094109127,0.2634290345306651,0.0,0.0663208719790736,0.0732983574757661,1.1790689048965317,0.0049313887716908,0.1794577856574209,1.9948583347985906,0.0090615725902441,0.049824598528078,0.0201486360379333,0.3957583274630892,0.0015305332349335,0.421962900461316,0.0,0.1102077138725794,0.1128186512112569,1.964793823299308,0.0032399835616641,0.3056642683482097,3.395011008608612
Bulgaria,0.0057734984372334,0.0059716924376301,0.0097565877625821,0.0112614515178289,0.0024295849760121,0.0778487750824023,0.0043183317006937,0.0237454063712729,0.0728754164454396,0.0743055733288651,0.0268940037908172,0.0112179056450304,0.3263982274958078,0.0076707395323999,0.0071944534414173,0.0110223216069044,0.0133920567774021,0.0030680342052542,0.0824494430241333,0.0058781812368743,0.0318397845168671,0.0761592720727935,0.0908237899353325,0.0420311239992012,0.013204457527277,0.3847336578758567
Greece,0.0271787698354638,0.005445970595725,0.0043177169914347,0.1077935791978896,0.0167359018509655,0.0152794306391592,0.0052499304662742,0.0208940822787643,0.1783306121775678,0.1707202034478347,0.0122378148047815,0.0051546176841649,0.5693386299700252,0.0283051160712226,0.0076453585785005,0.0036238063646625,0.1057947779434213,0.1218655011476324,0.0157829129008527,0.0039930717449265,0.019773909362246,0.1560553851910799,0.1499694317399246,0.0056916414374889,0.0040650595189574,0.6225659720009153
Albania,0.0157144012386969,0.001453987082673,0.0021606328639981,0.021743037715001,0.0004988399194338,0.0033480338481215,0.0,0.0080911275789552,0.0271788841852831,0.0536386395542045,8.463902240597702e-05,0.0008179733007938,0.13473019630956687,0.0092907702204106,0.0007619201583192,0.0010519034869554,0.0114377617893489,0.0002369298508365,0.0018323975267351,0.0,0.0045048308594507,0.0150905969348779,0.0281374493415378,4.8919118614699535e-05,0.0003833093446081,0.0727767886316949
Croatia,0.0054225466923028,0.0042324926780673,0.002790765785547,0.0437397732980963,0.0001742952255674,0.0147655472901348,0.0,0.0200109094171999,0.043684375382287,0.0535995837983582,0.0,0.0078947833781734,0.19631507294573408,0.0028986217002408,0.0026283795703585,0.0018632465407558,0.022637237422158,0.0001195934711071,0.0088621493631309,0.0,0.0120010239140105,0.0259329413686022,0.0355874523697485,0.0,0.0055193781557817,0.118050023875894
Switzerland,0.0095093054777673,0.0031973446244756,0.0036063424177613,0.0170152801909372,4.937552074179023e-05,0.0180844579911804,0.0,0.0158069477124132,0.0034231841451392,0.151768096199823,0.0,0.0074648318380525,0.2299251661182915,0.0143548904723835,0.0043335111471425,0.0048353627598702,0.024680376252748,6.199233010430552e-05,0.0246222547882599,0.0,0.02153991118874,0.0046457677728844,0.2210794399780692,0.0,0.010715982114425,0.330869488804627
Luxembourg,8.869783656198297e-05,0.0001579105979692,2.520586381973401e-07,0.0001171445794637,1.0621842596008511e-05,0.0014035077745796,0.0,0.00175192701359,0.0010726554197329,0.0187709772708226,0.0,0.0006305701969976,0.02400426459095179,0.0002199073205823,0.0003915055635738,6.249254987960159e-07,0.0002904349371883,2.633458757817505e-05,0.0034796974321767,0.0,0.0043435284370806,0.002659419760445,0.046538624574626,0.0,0.0015633639763463,0.05951344151509597
Belgium,0.0002630015783822,0.0025825471480163,0.0001451940954213,0.0147344665521099,3.546676538236644e-05,0.0363117391640381,0.0,0.0247298802727571,0.0060546976075809,0.2066339124847219,0.0,0.0179685097048948,0.30945941537330485,0.0008152147701979,0.005242480097336,0.0002321014968716,0.027350756467727,5.3502656927973896e-05,0.0622547513630769,0.0,0.0417294568200998,0.0099906195054989,0.3964158286307125,0.0,0.0322571011562421,0.5763418129646908
Netherlands,0.0,0.0017676381770376,0.000606984540032,0.0155581722798668,0.0001154389437147,0.0410917091507152,0.0,0.0294770566537238,0.0675470258022837,0.466073757037718,0.0,0.0256162755833197,0.6478540581684115,0.0,0.0034763093748887,0.001232447665502,0.0310084467844962,0.0002508682945511,0.0883867739759297,0.0,0.0608837845934395,0.1396039019242928,0.9671069299022022,0.0,0.0416589276017618,1.3336083901170641
Portugal,0.0574038647089187,0.0029134004833042,7.254237841180482e-05,0.0144861655361752,0.0015103491182908,0.0185441366053774,0.0062685639044639,0.064918187837446,0.1033292714448432,0.1750256516551108,0.0,0.0019941238685933,0.44646625754093533,0.0492066398059797,0.0027743607663666,5.512692034868646e-05,0.0157985637604762,0.001633432467854,0.0189341947740053,0.0058430351652869,0.0691906563697971,0.120311742355314,0.1802202415651079,0.0,0.001940547100629,0.4659085410511654
Spain,0.1446519173654435,0.0307231915271358,0.0026016297960229,0.0388524858521603,0.0038298302468676,0.0586797627494427,0.0163876008342832,0.1068968924901364,0.3406884600504678,0.9124030235812912,0.0006110849769615,0.0068483788756949,1.663174258345908,0.2785892137342416,0.0817318239269445,0.0060271812902949,0.0809207949895723,0.0059152871993738,0.1007577183803342,0.024773196080221,0.199936362597459,0.6286153038968154,1.6433925741665014,0.0006223296325165,0.0140267680890355,3.06530855398331
Ireland,0.0085979655161994,0.0032000543122656,0.0002511277651227,0.0729710806438435,1.1580181846808932e-05,0.011874697637444,0.0,0.0134961065626269,0.014950427102242,0.5912264136237966,0.0,0.0030527970576602,0.7196322504030477,0.005027109439954,0.001968403675434,0.0001631646757673,0.0414565651616965,7.263662482732736e-06,0.0074663700861368,0.0,0.0085523931369676,0.0095495476864229,0.3515578200391341,0.0,0.0019360478341218,0.42768468539811777
Italy,0.0049562211990666,0.0150199884155043,0.1124558517274251,0.1926865128968678,0.0090065260067227,0.152756365767638,0.0619794378341464,0.1382883560773074,0.5208786297629746,0.6943316355104997,0.0,0.1284038299792488,2.0307633551774016,0.004522626959336,0.0139128691549179,0.1143263016098373,0.1611509031615538,0.0059952505010766,0.1496310187818789,0.1074577533246093,0.0742281635210231,0.5397467891476972,0.7279124063435256,0.0,0.1291474407780594,2.028031523283515
Denmark,0.0,0.0039591937716471,3.3524943529774384e-05,0.1394025401323833,5.577736474013413e-05,0.0210112814295694,0.0,0.0040863988981969,0.0327850995729502,0.258809874078186,0.0,0.0014005687945077,0.4615442589857105,0.0,0.0047787554920235,4.449412755226572e-05,0.1591067479465035,6.467600154434605e-05,0.0231236943387087,0.0,0.0049201322988165,0.0367540628444354,0.360732963658176,0.0,0.0015507243461103,0.5910762510538704
United Kingdom,0.0093022986033454,0.0168707660157857,0.0246710657935303,0.2786479095908573,0.0002404634970747,0.0741708576590603,0.0,0.2040307013952985,0.4070280959189493,0.9941638744318508,0.0189893455774934,0.1474329337250964,2.175548312208342,0.005697310611369,0.0123158563132068,0.0203763866771169,0.1779953924357828,0.0001733202922921,0.0570767429047866,0.0,0.1760193912808876,0.2768266186361343,0.746247715066075,0.0104975992782672,0.1230593159696044,1.6062856494655229
Iceland,0.0065604009554255,0.0,0.0008033663195955,0.0992970532519097,0.0013068220711235,0.0005356682573362,0.0,0.0005862878281238,0.0085071113795503,0.013910299899294,0.0,1.7752562422600004e-05,0.13152476252478107,0.0074567291502119,0.0,0.0007471390675134,0.07747058183279,0.0008965211335444,0.0003924843877574,0.0,0.0004261154873571,0.0060998533652656,0.0113378734755649,0.0,1.3049741258833413e-05,0.10484034764126353
Slovenia,0.0021106801252343,0.0010321044730133,0.0001000652567726,0.0060908376317094,4.930315791477499e-05,0.0061943785955763,0.0,0.0078181055927624,0.0054827662397003,0.0470219444995548,0.0086566576050483,0.0013899067079448,0.08594674988523128,0.0015035667791545,0.0006385983643655,7.12826136145374e-05,0.0033681213788301,3.354883644407858e-05,0.0038602657947781,0.0,0.0048952197283261,0.0034025766928715,0.0307374340276829,0.0061666676242667,0.0008773923351367,0.05555467417547071
Finland,0.3040019686944238,0.0001881119651887,0.0,0.3466877546384305,0.0001905694995766,0.0467473243816992,0.0,0.0509927925774526,0.0105162561458133,0.0995852694118028,0.0,0.0023343048617383,0.8612443521761257,0.0928446121806111,0.0001040690465247,0.0,0.1490701620243138,9.282645431297344e-05,0.0196900053559748,0.0,0.022473566895207,0.0047083238500478,0.0494358953063171,0.0,0.0008886697836719,0.33930813089698125
Slovakia,0.0060805331730316,0.0032784864668307,0.0047353023782007,0.0030539212411337,6.2419945658237e-05,0.0135556277328922,0.0,0.0262690438740479,0.0362029091911853,0.0409919857367113,0.0071418812526588,0.0103679346565049,0.15174004564885532,0.0099563438722692,0.0055475897823077,0.0083682414558935,0.0042913188541667,9.446896552620036e-05,0.0221524318318314,0.0,0.0378378817168973,0.0527749378291587,0.0614504318698047,0.0085957598432686,0.0157040217200996,0.2267734277412236
Czechia,0.0101184871372945,0.0066576209982018,0.0033222807361894,0.0159773796860803,0.0002480597573823,0.0540893158878829,0.0,0.0465919895181141,0.145757180174498,0.1431169984109717,0.067589640835087,0.0247157563558483,0.5181847094975504,0.0150503512322926,0.0102321129985446,0.0045015215335021,0.0216962592989694,0.0004139466713926,0.0676849972801173,0.0,0.06289459192125,0.1963890527731088,0.2105761697675474,0.1108286260758978,0.0324763881662473,0.7327440177188699
Bosnia and Herz.,0.0140079552468044,0.0029978294693671,0.0009358869232096,0.0078599069356028,0.0002988144089106,0.0145594977784824,0.0,0.014518703473896,0.0304635089060384,0.0429838251029279,0.0290336442824534,0.000280165312588,0.1579397378402806,0.0048028208598188,0.0011793698422575,0.00037411688227,0.0026507374221273,0.0001137095151882,0.0059231471576471,0.0,0.0057954740552165,0.0121654441224653,0.0169811143678684,0.0127602581602808,0.0001115704325232,0.0628577628176631
Macedonia,0.004713404718424,0.0011809181659785,0.0005618389429197,0.0006664544882886,0.0005788810679316,0.0054811821970813,0.0001969929096066,0.0128199702681453,0.0267599314561728,0.0239499123795485,0.0059250656968945,0.0004831059544579,0.0833176582454493,0.0019221104018509,0.0003596332505894,0.0001779827385353,0.0002410854064346,0.0001545413173228,0.0016389694280734,5.046743672202531e-05,0.0035321602029557,0.0073797732708427,0.0079497491256223,0.0015827545397826,0.0001460080591246,0.025135235177856326
Serbia,0.0469481387783878,0.0051373520068958,0.0016034915734722,0.0062051397609363,0.0017788747924613,0.0240366010822161,0.0,0.0357313990745399,0.0799736549052618,0.161145673929072,0.0547412953649812,0.0130108634335016,0.43031248470172595,0.0240679998607449,0.0038674917728361,0.0010345519837435,0.0063646562011971,0.0016941419051,0.0164621140282144,0.0,0.0273470468307174,0.0611411742033345,0.1520899683489976,0.0209992837466675,0.0138088656419233,0.32887729452347625
Montenegro,0.0004068006405381,0.0005567201254721,2.7285499971137435e-05,0.0050105740418159,9.670330219272347e-06,0.0017574325165072,0.0,0.001247904125955,0.0027499842677127,0.0092580883823948,0.0010766988918578,4.615611753303534e-06,0.02210577443419731,0.0003077825819739,0.0004420982374171,2.0923282377297007e-05,0.0038085843616067,8.042364631982318e-06,0.0013722350215572,0.0,0.000956961497943,0.002108811951009,0.0075346731177304,0.0009031264321219,3.869166681711101e-06,0.017467108015050192
Kosovo,0.0004844327052244,0.0004962995974818,3.1818607762897645e-05,3.783200217021294e-05,0.0002222213146781,0.0053362707940278,0.0,0.0028665549903757,0.0063181481284297,0.0083696599735163,0.0113679774317601,2.9300279219520027e-05,0.035560515824646526,0.0002705258813481,0.0002771528110581,1.7768736122676137e-05,2.1126847175849116e-05,0.0001240969413487,0.0029799791469439,0.0,0.0016007947168738,0.0035282972691519,0.0046739405009213,0.0063483164549085,1.63624044663408e-05,0.019858361710319166
France,0.0296685435688256,0.0367039176978005,0.008271207924339,0.1438360648158285,0.0026115083656951,0.1569823192749608,0.0,0.1750323131701945,0.3957847264938547,1.526289309782353,0.0,0.0331502631743554,2.508330174268207,0.0315915878987951,0.0541380303046959,0.0111831361339857,0.169831152281035,0.0022794009885411,0.1533981181201391,0.0,0.1500234540441368,0.399507087115125,1.5487086319672838,0.0,0.0368308231875856,2.5574914220413234
Norway,0.0430299728061239,0.0018943263218097,0.0,0.4466514043300187,1.9643614830867945e-05,0.0227133607390036,0.0,0.0324088990281348,0.0107211325676328,0.1061725572554328,0.0,0.0095154929312017,0.673126789594189,0.0420454863705413,0.0021338132005353,0.0,0.3445101826761066,2.2100334307727455e-05,0.0211483791733198,0.0,0.0323394067803495,0.0101173740284553,0.1039712006810339,0.0,0.0094539746239555,0.565741917868605
Algeria,0.0035426090262766,0.0217518796005137,0.0060794436569567,0.0357742371739965,0.0018849379715825,0.0164020736642067,0.0,0.1016308139139599,0.2789514153535009,0.1902530370309901,0.0,0.9966992880580976,1.6529697354500812,0.0033480774495084,0.0152788258241006,0.0053319241787917,0.0205557530369947,0.0014858818290657,0.0133935365581931,0.0,0.1025931510342847,0.281257027374639,0.1243576922068127,0.0,0.8166218360255868,1.3842237055179774
Morocco,0.0811546520658953,0.0270471981855938,0.0022292047018568,0.0105837865057905,0.0004268833914429,0.0208866287739474,0.0090022409466191,0.0392650966857336,0.1462901112349866,0.3424538172822545,0.0,0.0325604033082849,0.7119000230824054,0.0604014917898748,0.0224189816654218,0.0022104591348328,0.0102987191178843,0.0005846077740347,0.0255449676173061,0.0089158356703068,0.0402880328531703,0.1499952975374392,0.2877605026989607,0.0,0.044271845854386,0.6526907417136175
Libya,0.0,0.0052443813979416,0.0077096627145648,0.0033691439995261,2.3976306968345127e-05,0.0141707547725982,0.0,0.0343817492140432,0.0770891107587759,0.0738041434118633,0.0,0.2802543820757346,0.4960473046520161,0.0,0.008733860212856,0.0090717029241286,0.0121361463917518,3.665381350211543e-05,0.0331011118468832,0.0,0.0808972797638232,0.1814399566354543,0.2324719197516395,0.0,0.3283008376612759,0.8861894690013146
Egypt,0.0,0.009120316989473,0.0013190761915745,0.0007972253469924,0.0018657226324657,0.0446548675878195,0.4638590682517571,0.6884498385620211,0.4715278244182134,0.2969933568625734,0.0001765866676046,0.38700823048656,2.3657721139970547,0.0,0.007392237027791,0.0010642906538855,0.0006681701959686,0.0013377843797566,0.0312256606885307,0.2872270442156086,0.422652397248283,0.290233283509765,0.197819239788602,0.0001677282344222,0.2522796849323536,1.4920675208749667
W. Sahara,0.0,0.0035897184653211,0.0,0.000109941693916,0.0,1.4888409816041773e-05,0.0,6.566539924802825e-07,4.688098556352234e-07,4.86290857392673e-05,0.0,1.2738892624651634e-06,0.00376557700790299,0.0,0.0035836166719983,0.0,0.0001146078674945,0.0,1.5804979223084403e-05,0.0,7.006856001506075e-07,5.00245667907288e-07,5.188988495644761e-05,0.0,1.3593092749262774e-06,0.003768479644215316
Tanzania,0.0465243014863893,0.1173086426839778,0.0034116921064606,1.4648277450602576,0.1740773899796681,0.2036479473892592,1.757977039965393,1.081838733782431,0.0935922582582434,2.5667684803694293,0.0048890912781374,0.0021645659370194,7.517027888296666,0.2398969884686267,0.1698474093245756,0.0087420101939152,1.7883358216371028,0.2176733878910799,0.3367519865290664,1.5945060274252936,1.579488568983306,0.1361192141151487,4.545565904090232,0.0053079533943878,0.003993155258666,10.626228427311402
Dem. Rep. Congo,0.0292500694711625,0.3863772345162209,0.0011675825531757,7.184774483553397,1.4245753221652364,0.2410354059162971,0.0203631019716025,4.035991753584638,1.8007546601617908,0.1466709667103262,0.0,0.0071469722132913,15.27810755281714,0.0191691279618358,0.4436979501111841,0.0011975758752221,9.611461424672996,1.7457470935518498,0.2295613085328807,0.0101833954418726,1.7066086178472752,0.7265035174503935,0.1542659146086957,0.0,0.0029215409187021,14.651317466972907
Somalia,0.0,0.0541200060235142,3.56852328166922e-05,0.031304350598393,0.0002428376992448,0.0675248520609101,0.0,0.0786246494246508,0.0402434948822365,0.5149875831455841,0.0,0.0019174412188984,0.7890009002862486,0.0,0.0528666245923787,3.3341502345923503e-05,0.0306704256025786,0.0002374910000631,0.0493467293016313,0.0,0.027161062678344,0.0139022158445289,0.2342607956664921,0.0,0.0016874127695258,0.4101660989578884
Kenya,0.0429157082248894,0.0888302968881657,0.0059258293490529,0.1778805870559502,0.0111568814966703,0.1469137887282643,0.0058449821283952,0.0503596970278257,0.0080359801273507,0.8118991140598797,0.0,0.0001350358355402,1.3498979009219843,0.104606494799266,0.1039280409001441,0.0073648355454135,0.5880773882748397,0.0147753375192416,0.3099130408119021,0.0164226904902107,0.1355793856786911,0.0216960374725714,1.2621610504397494,0.0,0.0001459401741527,2.564670242106182
South Africa,0.0342109886004574,0.1334754073368551,0.0,0.1294439972587744,0.0688561467055502,0.1638662672608244,0.0,0.3845599458364014,0.5841782466624198,1.2278591029758743,0.0691216238071879,0.013128900433135,2.8087006268774806,0.0341003245161668,0.1393178930300196,0.0,0.1276142737189006,0.0723096354042986,0.1752629769051221,0.0,0.3970136008370544,0.6034426633837382,0.8368977853500472,0.2305696125661361,0.0146298975974185,2.631158663308902
Lesotho,7.277294686183594e-06,0.002352592703524,0.0,0.0039644956270282,0.0006263327394264,0.0087691143302377,0.0,0.0105829749753338,0.0029189050965906,0.0335708076909506,0.0,3.4231564218993392e-06,0.06279592361419939,2.357543044699712e-05,0.0039027473797408,0.0,0.0118528051982027,0.0011221806391774,0.0133712051643912,0.0,0.0146742916939161,0.0040390771599217,0.0540399854946583,0.0,4.263388157887048e-06,0.10303013154861308
Zimbabwe,0.374027620758955,0.063095107020751,0.0,0.0881379363562397,0.0346242617267369,0.0970066807024927,0.0,0.0194029779803055,0.0065812902228463,0.3768066954601526,0.00560183933091,0.0005016119430421,1.065786021502432,0.2219461882080945,0.0857455508472315,0.0,0.1262150868084236,0.0379079917826876,0.1828903482624344,0.0,0.0481697539638507,0.0163860424099044,0.6162686958010245,0.0056600939222468,0.0005557347726523,1.3417454867785505
Botswana,0.0,0.1161593226427143,0.0,0.2043158965829401,0.0882682218396075,0.0068775057226231,0.0,0.0154608859817109,0.0160656320652769,0.0756515932472092,0.025272706513067,0.0005542841478578,0.5486260487430069,0.0,0.1145001391608184,0.0,0.1851833936443703,0.0867785195030347,0.0059005281416936,0.0,0.0119198257232597,0.0123695252294043,0.0736790292618942,0.0229015951629053,0.0005238340932644,0.513756389920645
Namibia,0.0,0.104567474220622,1.674683735036304e-06,0.1182574811962444,0.0213240971394695,0.0040628713775936,0.0,0.0043023869343881,0.0021953736272548,0.2175687318628271,0.0,0.0005575341032474,0.4728376251453819,0.0,0.1000331621193072,0.0,0.0977536801823771,0.0178630282472501,0.0035373075452945,0.0,0.0041416177839971,0.0021179256895379,0.1955210140187424,0.0,0.0004788535898452,0.42144658917635147
Senegal,0.0,0.0330932531567676,7.910311098030862e-05,0.1393501635766944,0.052198273427509,0.0163049051058762,0.0,0.0289029032030844,0.0073284191517755,0.236450740975439,0.0,0.0002092628229378,0.5139170245310642,0.0,0.0324680375431031,8.568754190300578e-05,0.1351642927876008,0.0507949930353065,0.0170772231247952,0.0,0.0303173344306405,0.007672670197907,0.2413101450287712,0.0,0.0002162862936531,0.5151066699836805
Benin,0.0,0.0203997826326395,0.0,0.111763696806147,0.0115579957692048,0.0259510895372085,0.0716396086203064,0.0071931638332327,0.0015757715352641,0.1340726501617517,0.0,0.0002257930755844,0.38437955197133916,0.0,0.0192489864840419,0.0,0.1084473819220947,0.0113068577953413,0.0247865671483029,0.0335801503399486,0.0069686112606062,0.0015182079794129,0.124698483392986,0.0,0.0002175902384503,0.3307728365611848
Nigeria,0.2702764487354226,0.172609514872749,0.0009307879392117,2.534690521862328,0.146340492590453,1.4021719670831398,0.5007734800710965,0.5742562829942542,0.3037642114406473,1.1689148475316686,0.0002404143524476,2.267038328371071,9.34200729784449,0.3463883390186741,0.2225080455807682,0.0013039949282611,2.372362461616022,0.1926435040602248,1.7823874458275122,0.4920614731384778,0.4599005224264234,0.2431678595929033,1.511149076762782,0.000181379429767,1.5141312897778345,9.13818539215965
Cameroon,0.0797268594242103,0.0736676564514189,0.000869769774669,0.4541855412332983,0.1505526436695686,0.0814405031899047,0.0161112749779754,0.0528025073413202,0.0292758373994954,0.2949630170406456,0.0,0.0358700379994637,1.26946564850197,0.1611332684094427,0.1113969716421007,0.0008891729099276,0.5978097045343712,0.1821166791747065,0.1782954609009121,0.0355061229584806,0.0736456459084854,0.0412144307780811,0.8127261003778115,0.0,0.033709369243917,2.2284429268382366
Togo,0.0159313906930356,0.0096046115934465,0.0,0.0418499420911505,0.0106257825109865,0.0224654245571673,0.0052827669741176,0.0084455229175058,0.0028969744868578,0.0910388262948214,0.0,0.0001399480942374,0.20828119021332642,0.0153330354895376,0.0090142538508887,0.0,0.0347979835142213,0.0101817362634533,0.021758806525246,0.0049901392257562,0.0084066757779105,0.0028839186783027,0.0844928886233682,0.0,0.0001360901209868,0.19199552806967132
Ghana,0.3981160128243876,0.0361808184331445,0.0001259971021964,0.3707365698042993,0.0627055556991784,0.0376779396120582,0.0088549475584111,0.1254169250187895,0.0131597834188554,0.1577947784816576,0.0,0.0008542733138191,1.2116236012667971,0.3218409815660208,0.037538874344836,0.000125914430319,0.3283105174925273,0.0627295425570272,0.0395662167880548,0.0069862816822053,0.1245845483737085,0.0130623820392604,0.1501936805834549,0.0,0.0011325545004462,1.0860714943578602
CÃ´te d'Ivoire,0.1052868108540602,0.0423445162582022,1.8866122797870304e-06,0.1550814347047658,0.0283958534979429,0.0672978794142386,0.1194609722491666,0.0635487399977043,0.0187557132867354,0.0626845097526882,0.0,0.1086408593777486,0.7714991760055325,0.1953528981117615,0.0439660696101924,1.901312060526208e-06,0.1606234848231623,0.0307357295493259,0.068910713430628,0.1366946766038803,0.0568112640704744,0.0167706832340603,0.0652246042755133,0.0,0.1163015805423154,0.8913936055633743
Guinea,0.0033213826561034,0.0333025571955133,0.0,0.1978045696824388,0.0871052559802157,0.0673370887123235,0.0037816539562133,0.0043041568851436,0.0024026953828516,0.2957462319090329,0.0,2.653484405060416e-05,0.6951321272038867,0.0026111160708118,0.0306006883534829,0.0,0.1682764530650902,0.0814482475141185,0.0616394911592837,0.003652572060297,0.0037748323411882,0.0021066210179806,0.2613471658090829,0.0,2.5526705117122533e-05,0.6154827140964529
Guinea-Bissau,0.0,0.0059347797298093,0.0,0.0637007444114941,0.0079975426463319,0.0155267797778346,0.0,0.0015635115144938,0.0008895025281066,0.1645857010059079,0.0,2.5235197933815343e-06,0.2602010851337716,0.0,0.0053887195183279,0.0,0.0525641985654329,0.0063923956389935,0.0154593245005906,0.0,0.0017270690488912,0.0009789405958556,0.132596353482025,0.0,3.0535650725939626e-06,0.2151100549151893
Liberia,0.0,0.0089008519309255,8.316829680476028e-07,0.1927104137215219,0.0085026801381377,0.0461993634980262,0.0001565273461642,0.0151317347187628,0.0068012981273713,0.0075119130463523,0.0,3.071714606459902e-05,0.28594633135629455,0.0,0.0088651318111236,8.316357018696712e-07,0.1907405749604205,0.0084539853324524,0.0454744430685809,0.0001547089917451,0.0148571590566675,0.0066781167506325,0.0074482349896708,0.0,3.0309827138767795e-05,0.2827034964241339
Sierra Leone,0.0027512632309155,0.0098335710063172,0.0,0.1243856830604379,0.0318572529048948,0.032428743286833,0.0023428115914169,0.0353751733002249,0.0080313641918419,0.039145174081679,0.0,0.0,0.2861510366545611,0.0052167408349669,0.0110273785932582,0.0,0.1470775021157655,0.0358837563159248,0.0401455892165014,0.0031266439111098,0.053653380950989,0.0121661730007336,0.0443454954615927,0.0,0.0,0.3526426604008419
Burkina Faso,0.0221580986487947,0.054956700146032,0.0,0.2973471751149321,0.0157290169613947,0.0779042198351265,0.0,0.0598502171375681,0.0183731043357055,0.5310544565391963,0.0,0.0001196179076613,1.0774926066264112,0.0193332485184091,0.0437158854474415,0.0,0.2163310749471194,0.0146393502326848,0.0559410141810867,0.0,0.0385741239211417,0.0118396015952708,0.4075245964234637,0.0,9.871492237108158e-05,0.8079976101889889
Central African Rep.,0.0,0.1256727126096548,8.469926270334898e-06,0.9406865429320622,0.4197723044290471,0.0119243032633913,1.0711314869545016e-05,0.0150126428778325,0.0052074484402415,0.1036419769287844,0.0,0.0011242141456035,1.6230613268677574,0.0,0.1225225865632539,3.993495444338115e-06,0.8526306248214057,0.3970374295669875,0.011897283963275,1.0771883574355568e-05,0.0150276280359115,0.0052216250026388,0.0983460607438649,0.0,0.0011357216655389,1.503833725741895
Congo,0.0162155932214841,0.0536724335773571,1.6063560959602075e-05,4.544769717960766,0.0625625855043376,0.007636967248133,0.0,0.0034308455573617,0.0015789775368672,0.0281064915918858,0.0,0.0021262043807996,4.720115880139951,0.007531340218569,0.0526790751339414,1.6057158060290915e-05,3.984348153300997,0.0550724951568915,0.0073610070873366,0.0,0.0034480280751446,0.0015868989282742,0.0263903060521275,0.0,0.002111584939486,4.140544946050829
Gabon,0.0008929845395776,0.0303060232323618,0.0005705249984049,0.6660351228865049,0.0071598751432938,0.0176698914810338,0.0,0.0006948270053502,0.0003040737433051,0.3508512427600557,0.0,0.0043807985205559,1.0788653643104438,0.0008926865168166,0.0339796687847561,0.0005669101701754,1.238436787773599,0.0064458232936878,0.0178437275623339,0.0,0.0006903721590211,0.0003020976699839,0.3226902373749171,0.0,0.0043332338056432,1.626181545110934
Eq. Guinea,0.0,0.0025243190551019,0.0,0.0082734735251709,0.0006697435181575,0.0018472453650943,0.0,0.0002384329651842,6.132931785284112e-05,0.0002995190557841,0.0,0.0217086718087011,0.03562273461104684,0.0,0.0024492682579432,0.0,0.0079351947733957,0.0006469974480745,0.001809400691071,0.0,0.0002336902851852,6.005241451264189e-05,0.0002881443388336,0.0,0.0216717373005624,0.03509448550957824
Zambia,0.0755880008791061,0.1176241879387614,8.989986323805887e-06,1.1615155319998198,0.5110661602187967,0.0681730999453169,0.0004702083547769,0.0063237219738378,0.0010608780346813,0.5291353927356482,0.0006838323643037,2.3850102252470655e-05,2.471673854533625,0.2697447284494179,0.195691092262659,6.268072651607049e-05,2.1768989441360795,0.8284961066765548,0.1692183401556848,0.0010009130240425,0.0152054387608964,0.0017855357311276,1.081250579969816,0.0008036608999396,7.255067363215349e-05,4.740230571466366
Malawi,0.0,0.0156809665305506,4.009098490783695e-05,0.1976139948459013,0.0163432191028731,0.0353276388539709,0.0132920544974624,0.0334257826763479,0.0047256411195864,0.0582369107963055,0.0050743606141942,0.003931014398865,0.38369167442096513,0.0,0.0976941935619488,3.9889156625435966e-05,1.238198951057787,0.1039080036926241,0.2359549194845092,0.1095691541768376,0.1858129621309981,0.0262700872782369,0.3469439784406841,0.0050528329925417,0.027434514825323,2.3768794867981162
Mozambique,0.2189349669695613,0.1069394934559224,0.000514792641667,0.4628985775330267,0.414849413363405,0.0767097053919272,0.013867129318407,0.0424181521813693,0.0063249692110173,0.0698706295766811,0.0234163897397626,0.0053589498047763,1.4421031691875232,0.2314553038494561,0.1434431353723145,0.000831727420151,0.5691587999558464,0.5000511392875002,0.0840146831716082,0.020988948190449,0.0454433588200845,0.0066959446855364,0.0964282813383186,0.0234097021913315,0.0404313827479501,1.7623524070305465
eSwatini,0.0001455220632727,0.0030063047931037,0.0,0.0013987874098431,0.0017965435246435,0.0050803688500522,0.0,0.0710153164909155,0.0172220319868519,0.0422334382434546,0.0031075837807261,0.0003258375184621,0.1453317346613254,6.571091557688722e-05,0.0039317652603947,0.0,0.0013420486619766,0.0029817187216389,0.0059341709095553,0.0,0.0535514425494369,0.0139273754675806,0.0562601084173946,0.002748506154251,0.0003817766276499,0.14112462368545542
Angola,0.1061461443188301,0.1977882798331612,0.0002777527824008,0.5437758631898345,1.031088422435768,0.0687004082462215,0.0003343419018984,0.0262378452673232,0.0097759809222968,0.4356767359440822,0.0,0.2451384537204307,2.6649402285622474,0.1044545155382367,0.200667123236371,0.0002597078807577,0.65523371391067,1.0706971743869715,0.0586087356432038,0.0003304558889096,0.0183581814522084,0.0068652737808991,0.4301408256995386,0.0,0.1204147081063112,2.666030415524078
Burundi,0.0,0.0043132858869137,3.4309097328403705e-05,0.0494851355897342,0.0011019059673215,0.043763609438696,0.0052087002615587,0.0003669995031838,4.0919412413940434e-05,0.0459717550859596,0.0,7.63658662269452e-06,0.15029425682973255,0.0,0.0044296886943562,3.616586110127182e-05,0.0513154765617038,0.0011204275839177,0.0450035542012882,0.0054459052183872,0.000384192405061,4.283856019183829e-05,0.0473690377038409,0.0,7.674495154567621e-06,0.1551549612850027
Madagascar,0.0012508414903654,0.0755150480364616,0.0005551088123061,0.4840478033783062,0.1118835092046939,0.0662680853955225,0.2144955268446272,0.015398911982344,0.0048283461744013,0.2643469960953443,0.0,0.0059720452871191,1.2445622227014914,0.0012485913457352,0.0850538445394304,0.0005599465079255,0.6941959322938109,0.1166602356886913,0.2008150446117589,0.4639079009990724,0.0956342476774303,0.0300629563546905,0.338290176692904,0.0,0.0175032972225361,2.0439321739339853
Gambia,0.0,0.0024657156181648,0.0,0.0172902699936981,0.0029948652682442,0.0039302391171753,0.0,0.0034049901483272,0.0012163097650696,0.0633934814915494,0.0,1.980242021339566e-06,0.09469785164424994,0.0,0.0044912585443174,0.0,0.0245021322180631,0.0065112897266144,0.0095330005964334,0.0,0.008950589068954,0.0031989354291322,0.1015099407062999,0.0,3.910396067116355e-06,0.15870105668588153
Eritrea,0.0,0.0068537761809368,0.0018009479692912,0.0214230283130977,0.0006663778245036,0.0078275995793768,0.0,0.0011582405953356,0.0003621315371814,0.1464277011665788,0.0,0.0,0.1865198031663019,0.0,0.0068659412514992,0.0018166081784628,0.0208976950393377,0.0005482665217014,0.0078024590610667,0.0,0.0011619957906462,0.0003633627481467,0.1452783748396553,0.0,0.0,0.184734703430516
Ethiopia,0.1197359153850327,0.1461736465518944,0.00407283493424,0.6393771991544894,0.0978272191094638,0.5347599913700556,3.8077169509882654e-05,0.1239550015997194,0.0232320206179675,3.4129485025320663,0.013317118536619,2.535748555707696e-05,5.115462884446615,0.4927705066221792,0.1893479638337153,0.0042583377214919,1.3195974172237603,0.1515448533614025,0.8144510930811453,3.8349570392564434e-05,0.1251018243925308,0.023446938689678,4.83170018594589,0.0328093597424183,2.4826337585908645e-05,7.98509165652219
Djibouti,0.0,0.0021586657026782,0.0011792505731726,0.000521636783157,1.0796746503674585e-05,0.0022272351157783,0.0,0.000855884428984,0.0026241514164318,0.0107990152847409,0.0,4.2609442419918294e-08,0.020376678660888894,0.0,0.0021277833799999,0.0011623799680232,0.0005141741383212,1.0642285991799693e-05,0.002195371824746,0.0,0.0008436399674732,0.0025866097578514,0.0106445223152099,0.0,4.1999862831785495e-08,0.02008516563747943
Somaliland,0.0,0.0245297906835242,0.000208717358635,0.0027136876381267,1.557802079498685e-05,0.0212904352451187,0.0,0.0043833049527198,0.0022460433359599,0.1301968887066918,0.0,0.0006192862779018,0.1862037322194729,0.0,0.0235445114421273,0.0001861285350575,0.0026731277049619,1.5434178651765766e-05,0.0215922759914572,0.0,0.0044463929044204,0.0022773376331996,0.1264462396018212,0.0,0.0006078842727333,0.18178933226443017
Uganda,0.0,0.0435841565591324,0.0015033626276121,0.6776734529558881,0.0555775763117649,0.1060018538062382,0.0161425965958713,0.2685165561664396,0.0208368887535492,0.6223982384393536,0.0,0.0094954240067568,1.8217301062226061,0.0,0.1038636187314477,0.0029224798390577,1.517789092988186,0.1002057774729596,0.3226703445987188,0.0504672256019631,0.6043503037662763,0.050121587569549,1.8825022977276844,0.0,0.0291169867222744,4.664009715018117
Rwanda,0.0,0.0042162844754059,0.0006205573329897,0.0627151851276924,0.0005645992743678,0.0327247979103599,0.004223962906282,0.0265951339916969,0.0058241267090319,0.1666040539931616,0.0,0.0001229586156364,0.3042116603366245,0.0,0.0168625309557876,0.0039609515072618,0.2471437852825993,0.0015825978515482,0.1431626312946136,0.0090230414115409,0.1433981489643249,0.031971166796612,0.7501435124060609,0.0,0.0005916260359008,1.34783999250625
S. Sudan,0.0,0.1297704508789716,0.0001213789816084,1.5681694026745103,0.3216919533805561,0.0155835960476111,0.0,0.1164657544123413,0.0670896360178555,0.5578412066266393,0.0,0.0227396253606886,2.7994730043807823,0.0,0.3702504893713607,0.0004119644323776,4.898570389074951,0.9128316784125492,0.0466792719375288,0.0,0.3626560914943674,0.2091277862588291,1.6411292287360466,0.0,0.0634504070554689,8.505107306773478
Chad,0.0,0.1617247639548835,0.0004200028858406,2.109930075609272,0.0808652594064999,0.0469997586196705,0.0036401589502936,0.0041677371397256,0.0007815763258883,0.4626420962296917,0.0,0.0735914641799119,2.9447628933016774,0.0,0.2367952740359504,0.0002757237786258,1.6239955868626703,0.0687207783052691,0.0704044242060857,0.0015712219042874,0.0081375906053002,0.0014803588493,0.9330771157344514,0.0,0.2242394209722217,3.168697495254162
Niger,0.0,0.115565972870307,0.0002858487757966,0.1364693115526479,0.0070710242092081,0.049188530116722,0.0,0.0278589262084898,0.0017174864092888,0.7883760392156892,0.0002814733605948,0.0065351973488072,1.1333498100675514,0.0,0.1779666007244709,0.0002896535085688,0.2957078536954533,0.0795193287374058,0.1618104624535285,0.0,0.0350890866616983,0.0023683570223135,2.013173278262376,0.0002937201851215,0.0105464426595002,2.7767647839104366
Mauritania,0.0,0.0289764134819445,0.0,0.060046099778119,0.0010450865898575,0.0121076244387359,0.0,0.000105063010073,6.596823284891688e-05,0.2096913200796135,0.0,0.0008747963591457,0.312912371970338,0.0,0.0227109364824115,0.0,0.0432390010472181,0.0007830880344583,0.0107266395292042,0.0,0.0001031492418562,6.50128672089091e-05,0.1604451364255223,0.0,0.0007750113492187,0.2388479749770982
Mali,0.0618883148722064,0.1163820545877868,1.940283266445912e-05,0.570921755875392,0.0597838408875365,0.0397153618247011,0.0,0.0090789779230806,0.0018881674554129,2.936746560734637,0.0,0.0055588459961412,3.801983282989559,0.0208523474466873,0.0756307865141856,8.015694347634916e-06,0.3377890861612168,0.0300728437098406,0.0212146159280182,0.0,0.0031742916715364,0.0006693982925379,1.9193027765182047,0.0,0.0031081216575493,2.4118222835941245
Sudan,0.3214498941554623,0.1620165618126012,0.0001942060127779,0.6153511861411209,0.0500521226282456,0.0643076955579216,0.0,0.0482538726043954,0.0277681985409848,1.9839935487816684,0.0,0.0421466589592999,3.315533945194478,0.7512194969695822,0.3493239884128551,0.0001941001643216,1.3913126058845438,0.2271632472240002,0.1053550986228137,0.0,0.0874390640071121,0.0503243743121991,3.6385848538750514,0.0,0.0370661680525905,6.637982997525071
Israel,0.0,0.0011053580295837,0.0001207469230586,0.0007338220762324,7.134849368302634e-05,0.005127100748475,0.0,0.0773229568733514,0.2318591220734037,0.0440578433565689,0.0,0.0148677268544804,0.3752660254288372,0.0,0.0007623331878419,8.902544892160651e-05,0.0003917811049663,4.220272109042226e-05,0.0024217311902877,0.0,0.0353068006906248,0.1051394714695997,0.0215866670080524,0.0,0.0077700444796675,0.17351005730105235
Lebanon,0.0,0.0003775782501512,0.0001247232801172,0.0001859393730076,2.3795642304651735e-05,0.0032131199778475,0.0,0.014893683980831,0.065100133446839,0.014547074743188,0.0,0.0023227553716742,0.10078880406596036,0.0,0.0001836033794184,5.392877507160271e-05,9.641301082013152e-05,1.046724174238902e-05,0.0013885894312268,0.0,0.0067172410428557,0.0284751322422122,0.0072477979844731,0.0,0.0008997057371634,0.04507287884498372
Palestine,0.0,0.0001907090859007,3.569823744589422e-05,0.0001788185090906,4.057948667978644e-06,0.0006798333779423,0.0,0.0065974301237044,0.0201196676251233,0.0087747206749493,0.0,0.0009401990287523,0.03752113461157677,0.0,0.0002286170372833,4.5178111202417534e-05,0.0002042905947705,4.417562464317768e-06,0.000875417645486,0.0,0.0092532244000222,0.02821883696057,0.010083400850248,0.0,0.0011927558576056,0.05010613901965234
Jordan,0.0,0.0067453027278257,0.0004349063384622,0.0005833780582862,9.669519806644072e-06,0.0026503882438742,0.0,0.0452575732979454,0.1225413739354594,0.030955123459791,0.0,0.0222246128941832,0.23140232847563397,0.0,0.0290195030030824,0.0007020547878153,0.0009373557141325,1.4457334290982866e-05,0.0032154901937596,0.0,0.0401965894897473,0.1089823845351062,0.0623351619466442,0.0,0.016185404357285,0.2615884013618635
United Arab Emirates,0.0,0.0020158506336748,0.0003334752854256,0.0004173165484669,8.010872538208555e-06,0.0149569319591799,0.0,0.1244492905524717,0.3304352704847382,0.03947943885046,0.0,1.35440258942959,1.8664981746165452,0.0,0.0010858578977061,0.0002034377015731,0.0002230345508406,3.6210125578008136e-06,0.0073335041290595,0.0,0.0580874143802945,0.1536913626814727,0.0207065995291738,0.0,0.2774726664587061,0.5188074983413842
Qatar,0.0,0.0,0.000372909281443,0.0004218992546866,3.440746545372066e-07,0.0087155911440077,0.0,0.0115460159845336,0.0108816319279449,0.00622636790688,0.0,0.2603953722434521,0.29856013181760244,0.0,0.0,0.000311252478709,0.0004240865212785,2.893968446700818e-07,0.0067172642262872,0.0,0.009519668953808,0.0087568016866627,0.0053146537391256,0.0,0.1629297325558677,0.19397374955858337
Kuwait,0.0,0.0014109066462787,0.0023077908539516,1.9049663463314348e-05,2.098633873450394e-05,0.0042596960010551,0.0,0.0091503306655015,0.0712637565614901,0.0097915453946846,0.0,0.0218799330602914,0.12010399518545083,0.0,0.0021690299027804,0.0032401512841325,2.313976144499911e-05,2.6338169480601063e-05,0.0116447870139231,0.0,0.0315475127605872,0.2457062058214379,0.0157661107815561,0.0,0.0257959459622168,0.3359192214575596
Iraq,0.1411979551079014,0.0220168909501103,0.0051817356000549,0.0117521699094937,0.0006884436036957,0.0130891640365528,0.0,0.05330109505644,0.1098471350393274,0.1183296125770501,0.0,2.695580184275284,3.17098438615591,0.1744722207473056,0.0524378111993915,0.0044214497562038,0.016815684003442,0.0008257981075904,0.0216557585270835,0.0,0.0664922002679834,0.1371559752811678,0.311531978688458,0.0,1.1889128655090804,1.9747217420877063
Oman,0.0,0.0028463011710671,0.0009553727012518,0.0046302600280585,1.7163273496808695e-05,0.0254990067959064,0.0,0.0111332014689653,0.0065492492993666,0.0184317394143668,0.0,0.245793643486531,0.3158559376390103,0.0,0.0122912572369406,0.004199397555492,0.0218912488593767,2.6864052720402092e-05,0.0720602334826691,0.0,0.0274128551349512,0.0148889916892388,0.0879553393072424,0.0,0.3031637624282434,0.5438899497468745
Iran,0.3943922310665387,0.1457783708560519,0.0116994552435724,0.026285757416899,0.0014128432876679,0.1320943117431063,0.0607904347448322,0.7224619080308802,0.1758054132628113,0.8419704756962326,0.0199144681596254,2.7634932545809794,5.296098924089197,0.1729112207802393,0.926111905657515,0.066297596001581,0.156136602036637,0.0022127094376699,0.4407756969129944,0.1926672565078419,1.850305429070534,0.4439651115500412,1.9344230027606784,0.0182925370538961,2.175071011384785,8.379170079154415
Syria,0.0550461073402867,0.0098976299130249,0.0029193135726218,0.0061788636546467,0.00111777678561,0.0043105334464107,0.0,0.0880081976171267,0.0287675113721511,0.1480922054183069,0.0,0.0228096717753777,0.3671478108955632,0.1259586575555092,0.0497569465168607,0.0113460691436252,0.0396382538303482,0.0036173813181356,0.0196235447703645,0.0,0.2385387762884764,0.0824982276492905,0.7088358188669024,0.0,0.1409112223125496,1.4207248982520624
Armenia,0.0001961838383921,0.0020532575112498,0.0022268208241194,0.0006336694350459,0.0002211059450619,0.0035807521446424,0.0,0.0083443774571319,0.0183219420344333,0.0442223413229156,0.0,0.0370846365856458,0.11688508709863811,0.0001027824720087,0.0011947794023121,0.0012777294360951,0.0003489079107848,0.0001347603888326,0.0039706044448374,0.0,0.0107888003014776,0.0236841941310153,0.0271391369310718,0.0,0.0358150181191108,0.10445671353754621
Turkey,0.2529433597089514,0.0513483732367685,0.0159324076418329,0.1290040377228074,0.0074089109738596,0.25046664003178,0.0106824076255402,0.0883829728139073,0.4043977533822647,1.5575162056891003,0.2214383206780809,0.1149236042336719,3.1044449937385656,0.2651340250550128,0.0572910915578825,0.0143380427311806,0.1585357980328443,0.0098115008887769,0.3221670286316135,0.0117844416664873,0.1103152942451905,0.5045071192973294,1.215044818447285,0.1746138494511382,0.1593774454940028,3.0029204554987436
Azerbaijan,0.0485568323222381,0.0048861829697552,0.1025784289661067,0.0021202340434139,0.0007867573036176,0.0057449993042146,0.0,0.0154171418903348,0.0163965567440023,0.1934059539440547,0.0,0.4362423699011027,0.8261354573888406,0.0491969012829856,0.0063802054426824,0.1810879313118975,0.0029175441285538,0.0014384605008837,0.0070278967904429,0.0,0.0202077734186365,0.0216581373474104,0.2507048407445422,0.0,0.7145194093454976,1.2551391003135326
Georgia,0.0075324830271561,0.0044128918195025,0.0116864998362237,0.0109411828848249,0.0007633596618307,0.0042321030285987,0.0,0.0117454796123011,0.0598127582178021,0.0895509426694969,0.0013265407655388,0.0705621460918306,0.2725663876151061,0.0059309197490526,0.0031783001671908,0.0077337582686953,0.0080795831599507,0.0005124171477763,0.0026358027798489,0.0,0.0071831386021094,0.0366036026923901,0.0559472534078544,0.0008270661350296,0.0441767199598506,0.1728085620697487
Yemen,0.0,0.0084295648319493,0.0023868815432818,0.0018706159896101,1.4280818110961526e-05,0.0021665181393444,0.0,0.0504557028567638,0.0342182590285734,0.2069093770931968,0.0,0.0235237628690239,0.3299749631698544,0.0,0.0248723682228061,0.0095030956270549,0.0023825584974879,3.4048369316016045e-05,0.0053837588367302,0.0,0.2472391611679831,0.1676453311092998,0.5026396972338298,0.0,0.0811799318041357,1.0408799508686435
Saudi Arabia,0.0,0.016678327504141,0.0038705186251679,0.0025881261395352,0.0002142801814975,0.0612000210465463,0.0,0.6149586793411634,0.5347370018465951,0.0813524625457228,0.0,0.3587447292493297,1.6743441464796989,0.0,0.025022247105299,0.0067766646414073,0.0033922809921779,0.0005169971725391,0.0781328404707882,0.0,0.7202061990925795,0.6809571401157036,0.2260390880771091,0.0,0.6592953106030653,2.400338768270669
N. Cyprus,0.0,0.0001979436087533,0.0,0.0,4.312969534434793e-06,0.0001821791145861,0.0,0.0032541513020399,0.0179927285282642,0.0040273151731624,0.0,0.0,0.025658630696340334,0.0,0.0001227004236673,0.0,0.0,4.137003885451148e-06,0.0001628092718127,0.0,0.0026948866402369,0.0149004629038031,0.003795887264556,0.0,0.0,0.021680883507961452
Cyprus,0.0,0.0002875268811832,0.0,0.0,1.0922101110467189e-05,0.0005295704725622,0.0,0.0027872010647857,0.0200722414350191,0.0155769355604827,0.0,0.0,0.03926439751514337,0.0,0.0002178229155194,0.0,0.0,1.0275571743881488e-05,0.0005105742215736,0.0,0.0026388189492236,0.018703800866406,0.0156535823104317,0.0,0.0,0.03773487483489818
Turkmenistan,0.0192493338478213,0.0240545576307642,0.0353841841568614,0.0038267533653402,0.0001339631998056,0.00571762137611,0.0009969476049566,0.0073286672889119,0.0078557003958906,0.3094046428564862,0.0,1.3193624821455223,1.7333148538684704,0.0227350587841563,0.1090312963575394,0.2090526982699444,0.0222654711120176,0.0007348279569272,0.0721631021969266,0.0529266529536497,0.0470551636501973,0.0507990528904742,1.9854159055285965,0.0,5.037250560119044,7.6094297898194725
Kazakhstan,0.2335159733443927,0.2132118632872281,0.0118929526950689,0.0770993766260459,0.0199536466796039,0.0799241904219541,0.0199408911898922,0.061090693100179,0.1704259090892955,0.9491168815384,0.2742721192897038,0.2071820117147318,2.317626508976496,0.056994367702447,0.2378621053808936,0.0098220642431284,0.0669278400819378,0.01631769493032,0.0560679625577384,0.0806358143406964,0.0439827077081319,0.1072399995801881,0.5631305513985476,0.1155406718111034,0.5504521903495267,1.9049739700846595
Russia,2.6153019425121995,0.440194205675845,0.0779289425477774,9.047314565341946,0.4864153693283701,0.2611326964512308,0.0229727320618733,0.8996488147771183,3.026418928077318,1.8695206577480656,2.122290351222212,3.5154605409310467,24.384599746675,0.6340069788247638,0.3186013409948703,0.0611442029095145,7.924652872943574,0.4357984592191624,0.1863514262136974,0.0161572004392987,0.5814599485204428,1.9555175183341096,0.8852776232037354,1.4842561610862073,3.045117100606299,17.528340833295676
Mongolia,0.0035811353301118,0.1210829153449468,0.0025538672244495,0.1799616323365857,0.0011344327460933,0.0193990106809474,0.0,0.0039051492876294,0.002611497005313,0.2915669956025564,0.0276580550224477,0.009833558558413,0.6632882491394939,0.0014641623861451,0.1278573453596979,0.0016595243755921,0.0797690890122762,0.0003590646320445,0.0067471400180897,0.0,0.0012583903143471,0.0008449801515198,0.1451995375410607,0.0240738439864088,0.0048765664794121,0.39410964425659395
Uzbekistan,0.0046637111704441,0.0180666022888775,0.0012768941112956,0.0056231719506171,0.0005788909193238,0.0270467322576489,0.0,0.1489502473745663,0.1850581735214169,0.6122072058739878,0.0051549440310876,1.7802002014737353,2.7888267749730007,0.0008947952783188,0.0170219351916523,0.0014812684554756,0.0061132149986431,0.0005917136965222,0.027748953895653,0.0,0.1466538132255494,0.1938458377406705,0.6471511437158626,0.0013208609218584,1.9524886218112905,2.9953121589314966
Indonesia,0.091821608630235,0.1683296502465329,0.0425109220499657,8.933479550602398,0.8356095084407212,0.4233437996486738,1.6598065587818067,6.013180343743729,1.2208421821960744,0.6874192975905158,0.1123224712560211,0.5146864967478381,20.703352389934512,0.0551494576137696,0.254595101127241,0.0806023642100931,14.000944315069573,0.7288388323824144,0.6630231157498574,2.05838603604272,4.704781482494145,0.9561525412039448,0.7186931265891383,0.1882919917154624,1.0396440085781844,25.449102372776544
Timor-Leste,0.0,0.0007371150429381,0.0028821579931411,0.0,0.0031703213481702,0.0009606340318943,0.0,0.0007338205744054,0.0002004242080847,0.0178842810958389,0.0,0.0023698545396125,0.0289386088340852,0.0,0.000734447004196,0.0030988889998257,0.0,0.0035078706317267,0.0010257759595913,0.0,0.0008470665174994,0.0002317168700636,0.0200303312385598,0.0,0.0027170818256334,0.0321931790470959
Cambodia,0.111890682824535,0.0224714842492978,0.0007456913326709,1.1630314694489066,0.1704339801777845,0.0538481861174968,0.6836635278086934,0.0078655812889306,0.0023504366299837,0.1868717812184239,0.0003415135295981,0.0005284555135091,2.4040427901398305,0.0473366794248924,0.0310267371890098,0.0008327021348784,1.94781425366281,0.2217608286563991,0.0915729400305463,1.5226814940840383,0.0113988844554706,0.0034740558534249,0.3239341851083023,0.0003829338952476,0.0010397583204045,4.203255452815424
Thailand,0.1700617779631227,0.0606489016079435,0.001686506442818,1.5972219060694663,0.0759510460365256,0.1612861655836295,1.3234408541268023,0.2964921589070284,0.2144688010081126,0.3394402797920317,0.0232861352654979,0.2966933849546935,4.560677917757672,0.1818347277883638,0.1048773816098385,0.0033561020483195,2.7012261911250626,0.1043773340388236,0.265538296173389,2.81986797607628,0.3123339123318135,0.2229581762264491,0.3121033511815563,0.0425423704982995,0.3956629966311893,7.466678815729384
Laos,0.1135875442135314,0.0317794954473935,0.000728534101247,0.2172241537814169,0.2109593782213348,0.0284561226293555,0.1373301722894218,0.0021860483597339,0.0002373262419897,0.1136799594776883,0.0025683853652614,0.0006351034939979,0.859372223622372,0.078733680280859,0.0478918497720548,0.0016580366847586,0.2900309944065013,0.244627585730126,0.0456710991299388,0.1347465182419812,0.002304719305805,0.0002572314745883,0.2432647865550495,0.0014976218828723,0.0006408456222953,1.0913249690868303
Myanmar,0.1029642723518433,0.0993015958249468,0.0038248276641684,1.5905079390308554,0.2624168741672689,0.1881854422807421,0.5871965555252434,0.1277732453499011,0.0213226328613251,0.5207240576880343,0.0055102623316469,0.006770843709823,3.5164985487857985,0.047493109786629,0.0759759373582421,0.0029124973580363,1.470133062864796,0.1650726487854355,0.1467395939021277,0.5130446136187777,0.0844042356240166,0.014058508971318,0.3804629157780967,0.0025864317692033,0.00486643411304,2.9077499899297186
Vietnam,0.259303322774878,0.0327346823878188,0.0014403561680366,1.3817486802167216,0.0440469766036226,0.1581505965890926,1.7912823287732975,0.4787751418191771,0.2620724370089858,0.497205845490366,0.1028362345089326,0.0399999840173991,5.049596586358328,0.3954549412986097,0.0479584390553095,0.0028660766405556,1.3706386740921777,0.079713110462051,0.213935904698426,1.613957943511544,0.5211496314956816,0.2853945427457616,0.5514742155429424,0.0593760378193903,0.0562062598355507,5.198125777198
North Korea,0.0316301646229055,0.0062983867647053,0.000595844207498,0.0724277930010913,0.0004444352120487,0.0482291657608325,0.0789361173881318,0.0244534457144407,0.017593162471945,0.0551021004814838,0.2742893563230684,0.0001473292598143,0.6101473012079653,0.0281347692983543,0.0062751477041971,0.0005929407427661,0.0608957382598371,0.0004535595034766,0.0423573639410879,0.0565141038153842,0.0206438697993932,0.0148386824782107,0.0525422559876011,0.1527709296521534,0.0001337015086532,0.4361530626911149
South Korea,0.0257765374139083,0.0032379219171673,3.867518611994177e-05,0.1715914146346209,0.0036710228608135,0.058196648917825,0.2989629632800062,0.3481069330741111,0.0588574689604214,0.2795536604316466,0.014354576639324,0.1550707145431192,1.4174185378590836,0.0459517009007198,0.0085641812914382,5.0192470123882975e-05,0.4704348149206034,0.0097380848882767,0.1294134272598419,0.5141319216903807,0.7690621252501033,0.1300422317767287,0.2911980159864742,0.0528754679516949,0.2616665569992837,2.6831287213856694
India,1.2429544977800355,0.3369909008261408,0.0049149527837041,9.171270721044266,0.0971748818620465,2.0633399740943688,3.3940855375087704,2.571613770975268,0.2712317408694383,10.73314749024344,0.8591178804640893,0.7982947870485954,31.54413713550016,1.3918851552502065,0.6515064885649378,0.0129625221954282,11.461094891974213,0.2180421077467819,3.873117037061072,4.657872412866058,5.259618995620965,0.5548947541260065,7.817548578775549,1.4188800618018529,1.6525579631795844,38.96998096916265
Bangladesh,0.0492197937454418,0.0147272480598061,0.0008098670555221,4.490779273362735,0.006372909441645,0.154459275840368,0.3766111513352434,0.5000237166623177,0.1405735587312406,0.8416395710049788,0.0117870482575108,0.0618055640903169,6.6488089775871275,0.0203526755788061,0.0148341302314304,0.000769324691856,3.484810055508271,0.0043099901240116,0.2010036237836244,0.3900769663224319,0.9092102241699896,0.2557253057213978,0.846983121706179,0.014680266258899,0.0787683629887834,6.22152404708568
Bhutan,0.0,0.0056023754382846,0.0,0.0560843814605612,0.0014900485718886,0.012188745199108,0.0025254023687365,0.0027292648249606,0.0031184614416382,0.0180602259888693,0.0001120902706001,0.0001922268479284,0.1021032224125755,0.0,0.0090202722841061,0.0,0.0903003372824356,0.0023990973084614,0.0196248540835402,0.0040660996828703,0.0043943345332307,0.005020972196693,0.0290784074945844,0.0001804742956538,0.0003095005909067,0.1643943497524822
Nepal,0.0001842181588274,0.0196503286390087,0.0012760928356624,0.2890888269983234,0.0189340819237529,0.1349011756779127,0.0015683118581263,0.0160785748215745,0.0006941126714974,0.469131508345296,4.772798221267019e-05,0.0008655276156295,0.9524204875278238,0.0001106766310333,0.0340462097698209,0.0024342513164468,0.3119492110495381,0.0310925137744209,0.1927470038234678,0.002153189647502,0.0180900842520135,0.0007854141712595,0.6830993939402425,5.131465215751426e-05,0.0011862888972441,1.277745551925147
Pakistan,0.2667720090558227,0.0661381269581523,0.0128540208696782,0.0976996776395049,0.0042185668251063,0.5015383020418526,2.2387356954594217,0.9415009666580946,0.4988255943579399,5.981909949901073,0.0033908256288485,0.0021372060163738,10.615720941411867,0.2025627463357748,0.3601368564100267,0.0567926135360375,0.0907381201495831,0.0034669187333318,0.5418802318011013,1.1791816105220845,1.043702260544506,0.5536367355793639,5.522939144366594,0.0027547915454956,0.0044491874395251,9.562241216963423
Afghanistan,0.0115520301988541,0.0507285886451269,0.0005029587675245,0.0035378969656591,2.6079401241745787e-05,0.0133618757502575,0.0,0.0043215321189845,0.0006756905530761,0.4539716296576531,8.463538724834033e-05,0.0100140355367576,0.5487769529823835,0.0042400229058461,0.0813524391989495,0.0009409564165404,0.0076558601883371,2.978553348814844e-05,0.0137707580387675,0.0,0.0043894083803527,0.0007150320427051,0.5480899769386763,3.745890989676621e-05,0.012717663459962,0.6739393620135217
Tajikistan,0.0572538373328722,0.008358593312228,0.0004691866066551,0.0002824737215388,3.592781530467517e-05,0.0052414299287368,0.0,0.0146863743433791,0.0113104983533232,0.1329935261310008,0.0104451061639104,0.0232201735677063,0.2642971272766554,0.0261643061750509,0.0040128407101542,0.0002277596386467,7.969661377721691e-05,1.2439110616353715e-05,0.0016578835415389,0.0,0.0060069314531405,0.0048946543360985,0.0387876084055229,0.0020876271793087,0.0132443757461942,0.09717612291004907
Kyrgyzstan,0.0223272516603688,0.0133361251479612,0.0008065828473272,0.0055389521559009,0.0002740563923743,0.056386343207614,0.0,0.0261006593088553,0.0186462484835308,0.1301348753582937,0.006177282082455,0.0413314142978215,0.3210597909425027,0.0044382083310449,0.0061915037013881,0.0002282230931319,0.0048256174302979,6.811664596272797e-05,0.0172283891827466,0.0,0.0077717761482781,0.0054856900557411,0.0505491167460128,0.0018724168702929,0.015612687183576,0.11427174538847303
Sri Lanka,0.0,0.0033594526031733,0.0,0.1120201465495572,0.0017052411887977,0.0294274096477822,0.0,0.040684091271481,0.0561734759599024,0.0666395895577538,0.0,0.000100306404324,0.31010971318277164,0.0,0.0094023905066105,0.0,0.3358459184359736,0.0050800958812099,0.0846518823842312,0.0,0.1107696735329475,0.1529422639053166,0.1994971727664643,0.0,0.0003007271238509,0.8984901245366045
Taiwan,0.0,0.0011606197084326,0.004889456875877,0.0240366298082053,0.0012345884939044,0.0250086185979176,0.0,0.3194239601383153,0.1339792294939381,0.0461921029441826,0.0,0.0316121131338761,0.5875373191946491,0.0,0.000920668363334,0.0035368018983381,0.0206468809170198,0.0010313757114307,0.0190094539158453,0.0,0.2391539959239988,0.1003132121674986,0.0287698280321163,0.0,0.0246919040133406,0.4380741209429222
Philippines,0.027998682570303,0.0156939683749958,0.0098207947459194,1.0346417186189294,0.0087797249534474,0.1651530943130507,0.7835717742234138,0.0,0.0,0.4023677931560348,0.0028734179727436,0.0062986484543526,2.457199617383191,0.0315333577863709,0.0216061970515517,0.0113185505468593,1.936479098216628,0.0115418564824855,0.2526545276905859,1.1256371737512718,0.0,0.0,0.4752620717139626,0.005099483576267,0.0108750108376105,3.8820073276535934
Malaysia,0.1369634375923987,0.028178730091688,0.0048487432365515,1.03458715911094,0.0083680036656693,0.069580306361615,0.0,0.964540500477207,0.665986108982892,0.0686519531312081,0.0011558807283203,0.2299272550381167,3.2127880784166067,0.2515161527869171,0.0424415248440364,0.0088449544175051,1.560991379624892,0.012732170015143,0.0750870020710999,0.0,0.851754861920706,0.7267173839098171,0.1183600641911734,0.0011651334834693,0.3008926119741568,3.950503239238916
Brunei,0.0,0.0007159411479332,0.0033745876636657,0.0051917467810019,0.0001954605446377,0.0011182450831057,0.0,0.01101289220242,0.0122062229863453,0.000674118635299,0.0,0.0738778826405917,0.10836709768500019,0.0,0.0007876504559545,0.0037125893931614,0.0057117567988114,0.0002150380482382,0.0012302495143906,0.0,0.0121159533708249,0.0134288092372277,0.000741638962914,0.0,0.0812775576802607,0.1192212434617834
Japan,0.0078189707137892,0.0107459220952052,0.0330824525162009,0.6767860570791415,0.0150731514869354,0.1373198246731942,0.4755599678674301,0.0872736969932101,0.04110321097022,0.4082934489334121,0.0187631999038215,0.0085577428276859,1.9203776460602464,0.0193760925598194,0.0272662725015978,0.0632150142099099,1.6291868706197272,0.0392743694581525,0.3411148786793845,0.7600603283858933,0.2352219176461997,0.1106134751186812,1.142486969474818,0.0793000979946237,0.0152946329743355,4.462410919623142
China,3.1389830639394263,0.6837525029455571,0.0522841135708845,4.440072186755392,0.18804103754405,4.324821118107461,8.910319018461104,4.029850924594904,2.553431792578392,13.122476545371423,20.93373011312747,1.2197664721848558,63.59752888918092,3.4969790004759704,2.035050888880899,0.1627794715631198,8.368434272133893,0.255189817421297,6.118632322313824,9.401351093940724,4.933284504068744,3.0964364448254726,13.03317357431275,12.107300407708069,3.317807592431234,66.326419390076
Papua New Guinea,0.0012043597467488,0.0451909041442399,0.0117535196346646,5.037399361950307,0.0865049567569222,0.0174442317044208,0.0,0.0082838911047908,0.0010796840574662,0.0434751252364624,0.0,0.034680866438551,5.2870169007745735,0.0011091930933515,0.0459931303738417,0.0115590040916374,4.929733146535243,0.0722629369658415,0.0183175806795177,0.0,0.0091292699257289,0.0011897353703688,0.0448109807022737,0.0,0.0360618829731118,5.170166860710916
Vanuatu,0.0,0.0,0.0002823616284314,0.0,1.816181657202369e-05,0.0003092206837975,0.0,0.0002319055288254,0.0001981043233585,0.0155899233693103,0.0,0.0,0.01662967735029512,0.0,0.0,0.0002776207200657,0.0,1.804368795582679e-05,0.0003040317115561,0.0,0.0002261392535521,0.0001931785069058,0.0153588929653071,0.0,0.0,0.016377906845342627
New Caledonia,0.0,0.0003249581606122,2.501549527355826e-06,0.0,0.0004750178581076,0.000485904254865,0.0,0.0004594457893821,0.0013893178708769,0.0049507110945038,0.0,0.0,0.008087856577874955,0.0,0.0003290025636333,2.49801869001369e-06,0.0,0.000480734523734,0.0004911044262285,0.0,0.0004639042438272,0.0014030444463817,0.0050139687144082,0.0,0.0,0.008184256936902914
Solomon Is.,0.0,0.0001615122307177,0.0005199776026477,0.0,3.341563447441797e-05,0.0004631189439206,0.0,0.0023374268651235,0.0048763921530528,0.0023629586290192,0.0,0.0,0.010754802058955917,0.0,0.0001623389259974,0.0005251061558746,0.0,3.3763402682229834e-05,0.0004671655588023,0.0,0.0023585985279429,0.0049227505598102,0.0023823119661422,0.0,0.0,0.010852035097251828
New Zealand,0.0807787586881882,0.0088595369062278,0.0098382597322949,0.1716524234493065,0.0005572680067325,0.0138325150958099,0.0,0.0098893845686655,0.1048970690004631,1.1778728306156243,0.0024522451464621,0.0139653604221637,1.5945956516319384,0.0585619140287802,0.0077895442317188,0.0096108573691815,0.170226637442903,0.0004269446338585,0.0125135686090003,0.0,0.0083968376902191,0.0890655778032052,1.1890627009045027,0.0018458822750804,0.0134338169928259,1.5609342819812757
Australia,0.0722103937002724,0.7227668064889492,0.0201422198921445,1.5332437221245114,0.8793858399108689,0.0567786612318341,0.0,0.0,0.0,2.6259112902213118,1.0240622810928546,0.2526629053195046,7.187164119982252,0.139202683900563,1.491456934804508,0.0451541241975951,5.306755052248903,2.338578937463958,0.1628812453291722,0.0,0.0,0.0,3.422410368856335,0.8207363083416684,0.5360929793970048,14.263268634539706
