countries,Reservoirs_prior,Termites_prior,Seeps_prior,Natural_prior,Wetlands_prior,BiomassBurn_prior,OtherAnthOG_prior,OtherAnth_prior,Rice_prior,Wastewater_prior,Landfills_prior,Livestock_prior,Coal_prior,OilAndGas_prior,Total_prior,Reservoirs_post,Termites_post,Seeps_post,Natural_post,Wetlands_post,BiomassBurn_post,OtherAnthOG_post,OtherAnth_post,Rice_post,Wastewater_post,Landfills_post,Livestock_post,Coal_post,OilAndGas_post,Total_posterior
Haiti,0,0.001291174649,0.0005079856889,0.001799160338,0.0116552687,0.0002088194839,0.02861548454,0.02861548454,0.02247174965,0.005159788412,0.001510525451,0.1355667448,0,1.64E-05,0.2070039579,0,0.001477694781,0.000643337954,0.002121032735,0.01488154999,0.0002663699683,0.03364309505,0.03364309505,0.0271305823,0.006309119607,0.001851203125,0.1541439206,0,2.05E-05,0.2403673818
Dominican Rep.,0.0005576504382,0.003664045991,0.0004807808416,0.004144826833,0.03995523589,0.0006817303352,0.01103403788,0.01159168832,0.01843682255,0.05870219771,0.1470201913,0.2029427566,0,0.001923672352,0.4853991219,0.0006241366229,0.004231719001,0.0005432086331,0.004774927634,0.05495668895,0.0008756260233,0.01464574752,0.01526988414,0.0232734256,0.07872138714,0.1975481626,0.2404823828,0,0.002584948903,0.6184874338
Bahamas,0,0.001692997019,0,0.001692997019,0,0,0.0004980829831,0.0004980829831,0,2.17E-05,0.00010472731,0.0002337359896,0,5.82E-05,0.002609502757,0,0.0007022377187,0,0.0007022377187,0,0,0.00024643332,0.00024643332,0,1.50E-05,7.22E-05,0.0001584147484,0,4.38E-05,0.001238069649
Mexico,0.5195473752,0.1392399745,0.008140190039,0.1473801645,0.5636596149,0.03155822078,0.1442075947,0.6637549699,0.007773055444,0.4717678457,0.5236264861,1.968550074,0.4574514396,0.6673648646,5.502886735,0.4722890114,0.1767744193,0.01189108912,0.1886655085,0.6171946454,0.04935487545,0.2349832551,0.7072722665,0.005779679152,0.6684873917,0.7930505949,3.161194816,0.1661323124,0.8289911266,7.186123217
Nicaragua,0.001631842252,0.01597356687,0.004393178465,0.02036674534,0.2831636719,0.0009845438822,0.01776535161,0.01939719386,0.01028462802,0.01459718289,0.01356046102,0.1533901792,0,0.0001355050629,0.5158801111,0.001033707322,0.009018704053,0.001882714988,0.01090141904,0.1245045045,0.0005270943321,0.00874910342,0.009782810742,0.005122560076,0.005717367102,0.005338935748,0.08381466992,0,4.76E-05,0.2457569925
Honduras,0.01927629682,0.01457551969,0.001280590411,0.0158561101,0.07480205819,0.0007991422008,0.02446592995,0.04374222677,0.001290373616,0.01491042826,0.03163391785,0.1032053454,0,1.34E-05,0.2862529781,0.04414110114,0.01944060264,0.001258925208,0.02069952785,0.08263801769,0.000953775287,0.03656710811,0.08070820925,0.001635494654,0.02369819673,0.05029499468,0.1506051594,0,3.05E-05,0.4112638756
El Salvador,0.03412673882,0.002518661918,0.000789637494,0.003308299412,0.0631330474,0.0003714537586,0.006572779989,0.04069951881,0.0002064812738,0.03090394599,0.04000974007,0.07372787404,0,1.90E-06,0.2523622568,0.03656486473,0.002632770113,0.0008891061615,0.003521876275,0.06897269099,0.0003818299244,0.006941858439,0.04350672317,0.000213628964,0.03096398233,0.04008911905,0.08014916955,0,1.96E-06,0.2678009778
Guatemala,0.002837998306,0.01252307238,0.002104525055,0.01462759744,0.1287330339,0.004697336916,0.1024187734,0.1052567717,0.000373451565,0.01454521138,0.03596860056,0.147918413,0,0.007859498098,0.4599799145,0.006277873542,0.02949124025,0.004756722637,0.03424796288,0.268452407,0.008566852266,0.1876528452,0.1939307188,0.0006414439815,0.01555486659,0.03836720507,0.2977139724,0,0.02297043007,0.8804458591
Belize,0.0006387340045,0.005083809262,0.0001617722799,0.005245581542,0.04604191979,0.0001311151626,0.00113926081,0.001777994815,0.0006873815997,0.001627697527,0.005138231503,0.00516924634,0,0.0004730677803,0.06629223606,0.001874187245,0.01054493186,0.000356616905,0.01090154877,0.1268321235,0.0003500188557,0.003192205007,0.005066392252,0.001977187796,0.00456588988,0.01439350459,0.01514825564,0,0.001388049746,0.180622971
Puerto Rico,0.0004187388396,0.0004747076274,0.000331187176,0.0008058948034,0.03949403524,0,0.001830232764,0.002248971603,4.94E-06,0.02244086748,0.05613572358,0.03336059886,0,0.001825210463,0.1563162445,0.0003488843794,0.0003325369546,0.0002733023515,0.0006058393062,0.03290559812,0,0.001558704329,0.001907588709,4.12E-06,0.01917064755,0.04747122218,0.02867687239,0,0.001520726905,0.1322626131
Jamaica,0,0.0003713045806,0.000704339225,0.001075643806,0,7.06E-05,0.001686959633,0.001686959633,0,0.01739413035,0.005202376722,0.01338216347,0,0.002903596536,0.04171549623,0,0.0001043689383,0.0002034983631,0.0003078673014,0,2.43E-05,0.000578098415,0.000578098415,0,0.005985499449,0.001790191425,0.004604940313,0,0.000999157481,0.01429005742
Cuba,0,0.003247880892,0.001992136949,0.005240017842,0.2300715804,0.01149120922,0.008731769786,0.008731769786,0.01189844082,0.03007572752,0.06625785411,0.1775957223,0,0.09401911683,0.6353814388,0,0.001298220317,0.0006574211899,0.001955641507,0.1045014916,0.005662293192,0.004411734821,0.004411734821,0.006091785705,0.01479837763,0.03260922188,0.0985329817,0,0.02659838683,0.2951619149
United States of America,2.009768864,0.5844555101,0.2743067009,0.858762211,11.15623791,0.03994560825,0.7227294659,2.73249833,0.5990545207,0.7626846238,4.455207471,9.311320574,1.843094475,7.237480948,38.99628667,1.673332237,0.6238986604,0.2626048113,0.8865034717,8.962026054,0.03235957896,0.8334479091,2.506780146,0.4152352877,0.7050881558,4.965359656,11.25383276,1.987059239,11.40992589,43.12417024
Canada,3.06734322,0.2766839811,0.03791155415,0.3145955352,14.25175025,0.01547800247,0.0496625784,3.117005799,2.69E-06,0.03640239469,0.7296918502,1.138566449,0.05349260173,1.628509177,21.28549475,1.756477883,0.292504766,0.02646819096,0.3189729569,8.737767563,0.01039231663,0.04535597746,1.80183386,7.58E-07,0.0329530246,0.7569919567,1.190553,0.02936679339,1.40839306,14.28722529
Argentina,0.3074525455,0.1795479941,0.01353775487,0.193085749,1.904789965,0.08095336272,0.1013473652,0.4087999107,0.01765073497,0.4553444333,0.2787444503,2.724478221,0.0002619993261,0.3450052072,6.409114034,0.2017603168,0.2334120088,0.02234900183,0.2557610106,1.647908259,0.103633868,0.1377647729,0.3395250897,0.01404448839,0.7483532617,0.4608345762,3.332066993,0.0002536363272,0.5406849665,7.443066149
Chile,0.02844855689,0.05227173101,0.00896060851,0.06123233952,0.8297053248,0.09260801653,0.03757109004,0.06601964693,0.007737297098,0.2206420965,0.06625240168,0.230346089,0.0002688012425,0.03347067549,1.608282689,0.0104241507,0.0358134682,0.005056301162,0.04086976936,0.4892800253,0.03374080967,0.02013609916,0.03056024985,0.004493710915,0.1190467041,0.03575152054,0.07351685335,0.0001901203685,0.0187718493,0.8462216127
Falkland Islands,0,0.0001162504007,0,0.0001162504007,0.0149985286,2.08E-05,1.36E-05,1.36E-05,0,1.57E-05,2.44E-05,0,0,2.53E-07,0.01518960732,0,0.0001112537145,0,0.0001112537145,0.01432649533,1.98E-05,1.30E-05,1.30E-05,0,1.56E-05,2.42E-05,0,0,2.51E-07,0.01451064136
Uruguay,0.1818072489,0.01567520691,0,0.01567520691,0.08201112328,0.0006431537008,0.01016526617,0.191972515,0.01411350862,0.04880780935,0.001780241164,0.6886320435,0,0.0002441329879,1.043879735,0.1012634394,0.02027902046,0,0.02027902046,0.1154488084,0.0009329434853,0.01041623236,0.1116796718,0.02610982843,0.04067580347,0.001537459829,0.9066165898,0,0.0002210857563,1.223501211
Brazil,4.42449833,1.357414355,0.002600056665,1.360014412,43.98093386,1.380566958,0.6885839092,5.113082239,0.4622319594,1.773094265,1.095054619,12.44961488,0.04519973519,0.1597020059,67.81949494,3.484608249,2.352687015,0.002969636098,2.355656651,31.86239907,1.789865722,1.210134896,4.694743145,0.5532932568,3.000159428,1.852709696,10.39087392,0.0571229178,0.1274034355,56.68422725
Bolivia,0.0001928818539,0.1864003811,0.009985751359,0.1963861324,7.56225351,0.8218946013,0.01245362591,0.01264650777,0.01822180723,0.06194726433,0.01201613078,0.4495833306,0,0.06101003756,9.195959322,0.0001618793287,0.3051882754,0.04413377133,0.3493220467,2.89100169,0.2985856394,0.01336059257,0.0135224719,0.09319273631,0.06031105721,0.01172287101,0.2114022423,0,0.08179100834,4.010851763
Peru,0.004156321093,0.1967272849,0.005201726497,0.2019290114,6.117064104,0.0277590741,0.04330332782,0.04745964892,0.05395235195,0.1833459463,0.2497237643,0.4582182033,0.004561686874,0.0838356264,7.427849417,0.1012409118,0.5995123407,0.01441501023,0.6139273509,5.508560826,0.09431373628,0.1503070382,0.25154795,0.1191012521,0.3012755242,0.4108999127,1.224409501,0.008886029193,0.2261925969,8.75911468
Colombia,0.1249020101,0.1759626448,0.01812220364,0.1940848485,4.718837305,0.04533036769,0.06371463848,0.1886166485,0,0.204865503,0.4814877069,1.587260295,0.1898231682,0.2503450796,7.860650923,0.1496425015,0.4389064814,0.07881343568,0.5177199171,4.607709404,0.1494248033,0.1767447243,0.3263872258,0,0.5209863704,1.21198631,2.657615446,0.2955202863,1.011309772,11.29865953
Panama,0.02316848178,0.003722360482,0.0007188604247,0.004441220906,0.1732434935,0.001346568475,0.004546262162,0.02771474394,0.006307431565,0.01633489883,0.03338844841,0.08435235198,0,0.0004988585071,0.3476280161,0.01952497099,0.003056467759,0.0005568588503,0.00361332661,0.1439515229,0.001064516686,0.00358418519,0.02310915618,0.004589162439,0.01336810986,0.02732011456,0.06551742587,0,0.0004011050621,0.2829344401
Costa Rica,0.004866559916,0.002916639092,0.002603098749,0.005519737841,0.1769499658,0.002306395158,0.004122231417,0.008988791333,0.01114925864,0.01888008386,0.04409083966,0.08933481461,0,1.02E-05,0.357230051,0.006347416823,0.003442162306,0.003119972025,0.006562134332,0.2302098998,0.003153700379,0.005409809788,0.01175722661,0.01494649269,0.02467529524,0.05762254189,0.1179659013,0,1.33E-05,0.4669064494
Venezuela,0.6719643731,0.1344087335,0.02635109265,0.1607598262,1.20800357,0.1208889106,0.02131652913,0.6932809022,0.02907304174,0.1363829439,0.1525747482,0.79002923,0.0003581527814,0.6258865598,3.917237886,0.7618347226,0.5699080934,0.1775501442,0.7474582377,2.37505593,0.3800334118,0.1578168653,0.9196515878,0.0307597566,0.8377049113,0.9400316976,2.490286281,0.0003042590951,3.699926525,12.4212126
Guyana,0,0.03507915051,4.58E-05,3.51E-02,0.5866535201,0.01494643636,0.001375089858,0.001375089858,0.02312987884,0.0006947347021,0.002097057568,0.01649138493,0,7.71E-05,0.6805901734,0,0.05283351547,5.70E-05,5.29E-02,1.100974825,0.02961443683,0.003071038413,0.003071038413,0.06528444812,0.002384602264,0.007209652382,0.03064876716,0,0.0002159419419,1.292294247
Suriname,0.07258528084,0.01868026988,1.58E-05,1.87E-02,0.3719088101,0.006665244149,0.0006768427935,0.07326212363,0.01145015622,0.001365516114,0.002588468115,0.002700098584,0,0.009923961194,0.4985604092,0.05074300616,0.02164029098,2.52E-05,2.17E-02,0.6623000043,0.01246601774,0.001092727468,0.05183573363,0.03117650609,0.001632348448,0.003095359877,0.003673890914,0,0.01168410636,0.7995294279
Ecuador,0.003174546824,0.02805432069,0.003919501308,0.031973822,1.193160849,0.002112296085,0.01215739613,0.01533194296,0.01723761342,0.03871546126,0.05434424462,0.3922192924,0,0.03611688031,1.781212402,0.003012785484,0.04466264928,0.003561048266,0.04822369755,1.171778754,0.003688016914,0.02261981341,0.0256325989,0.05557008366,0.0537125395,0.07537471878,0.8104962945,0,0.02991919618,2.2743959
Paraguay,0.4595816625,0.03602244706,8.08E-06,3.60E-02,1.2422549,0.07193132581,0.03257046013,0.4921521226,0.02476889486,0.03913630781,0.0114179539,0.7395472587,0,0.00150563422,2.658744929,0.1540185196,0.02681180438,1.14E-05,2.68E-02,0.7444289995,0.04290119328,0.02503111064,0.1790496303,0.01587178474,0.03320381405,0.009086807985,0.5594740343,0,0.001951814292,1.612791271
Trinidad and Tobago,0,0.0004266124483,0.001623427758,0.002050040206,0,0.0003886899837,0.01226031139,0.01226031139,0,0.01329901396,0.01125211352,0.004741798581,0,0.06625125717,0.1102432248,0,0.0002188177192,0.0006798430348,0.000898660754,0,0.000160552049,0.005080988448,0.005080988448,0,0.005462886222,0.004481763378,0.001520121013,0,0.02737581369,0.04498078556
Tunisia,0.005690070886,0.004737672349,0.002048453187,0.006786125537,0.007716657345,0.0002126994991,0.0141261863,0.01981625719,0,0.0518451446,0.08823686764,0.1087252958,0,0.02357463236,0.30691368,0.007846980348,0.004898137547,0.001928612289,0.006826749837,0.009654031664,0.0003949445552,0.01605231474,0.02389929509,0,0.06289676336,0.1069425344,0.1216761524,0,0.02815388588,0.3604443572
Sweden,0.3590543637,0.009737358262,0.0009487563617,0.01068611462,0.6240971149,0.0002356234497,0.04351472928,0.402569093,0,0.02046619865,0.00292898276,0.1287979812,0,0.001437543936,1.191218653,0.1423635913,0.02019746924,0.001453914645,0.02165138388,0.5833398569,0.0002140212597,0.04988283129,0.1922464226,0,0.02914516548,0.003435584804,0.2050759211,0,0.001739274553,1.036847631
Belarus,0,0.01500290478,0.000393612496,0.01539651727,0.1846555962,0.0006889023548,0.02301485853,0.02301485853,0,0.04358418382,0.1869227945,0.3572534169,0,0.1154254449,0.9269417145,0,0.02351014147,0.000514415,0.02402455647,0.3816544416,0.001118976531,0.0317792032,0.0317792032,0,0.06185628022,0.2652595871,0.2457693211,0,0.1595445469,1.171006913
Ukraine,0.3756060556,0.04957205172,0.009732847691,0.05930489941,0.1988476527,0.02354305297,0.06116066373,0.4367667193,0,0.09774125907,0.3556742704,0.3318046252,0.3498290891,1.440281694,3.293793262,0.2001149204,0.06122673195,0.009053316475,0.07028004842,0.2201875919,0.02185236881,0.0667122996,0.26682722,0,0.09110135538,0.3318210271,0.4439844836,0.146251037,1.530952917,3.123258049
Poland,0.03079118911,0.02050369508,0.009516589985,0.03002028506,0.09984803972,0.0003460824228,0.2195346629,0.250325852,0,0.05457409994,0.07403584747,0.5788894861,0.5659039182,0.1065582895,1.7605019,0.02076578796,0.02333439961,0.005937757233,0.02927215684,0.1880771731,0.0003038995836,0.203621762,0.22438755,0,0.05242275281,0.06589922999,0.6454705338,0.4302645882,0.0797062242,1.715804108
Austria,0.03448710523,0.005856552036,0.007658464933,0.01351501697,0.01863404027,0.0001605716618,0.03612006614,0.07060717136,0,0.01472185533,0.0203663661,0.171959219,0,0.0101506887,0.3201149294,0.05508306555,0.00939366269,0.01178873041,0.0211823931,0.03129429365,0.0002119609277,0.05295824769,0.1080413132,0,0.02290886126,0.02967315522,0.3079025815,0,0.01372693242,0.5349414913
Hungary,0.01118766354,0.007232346537,0.002804479759,0.0100368263,0.01852622812,0.0002315339462,0.02346140201,0.03464906555,0,0.04542827817,0.08292892079,0.1115015406,0.001266379932,0.05982941972,0.3643981931,0.01070690047,0.01638856116,0.005328180414,0.02171674158,0.0415367254,0.0005809061592,0.03655681264,0.04726371311,0,0.05511537883,0.1412970021,0.268536754,0.002764431147,0.1093281973,0.6881398496
Moldova,0.01082718087,0.002079949901,0.005486945105,0.007566895006,0.004188300587,0.00032758991,0.009474553962,0.02030173483,0,0.02476454867,0.04571714036,0.02836747526,0,0.01783856625,0.1490722509,0.005219307675,0.001075585373,0.002925746363,0.004001331736,0.002187770314,0.0001700202532,0.004816760168,0.01003606784,0,0.01254822964,0.0232134407,0.01472299123,0,0.0091338516,0.07601370332
Romania,0.09317476255,0.01710619403,0.08520405106,0.1023102451,0.05002315803,0.002466056726,0.04418273192,0.1373574945,0,0.04218436235,0.1753605123,0.3283595009,0.2220637105,0.09754014435,1.157665185,0.07445731002,0.01667658936,0.1025611165,0.1192377058,0.03771586782,0.002031933547,0.04303444945,0.1174917595,0,0.03411998605,0.1778390928,0.3284966789,0.08886917427,0.09956963455,1.005371833
Lithuania,0.002773745119,0.004382506029,0.000257420937,0.004639926966,0.01426398803,0.0001629954674,0.009877988357,0.01265173348,0,0.01944311783,0.01014386166,0.0707339685,0,0.0112864647,0.1433260566,0.001758222499,0.003348869684,0.0001748436263,0.003523713311,0.01075275093,0.0001130710563,0.00774664253,0.009504865029,0,0.01448918008,0.007725389728,0.05464965428,0,0.008652857881,0.1094114823
Latvia,0.003250497964,0.003467260825,5.08E-05,3.52E-03,0.03000204547,4.36E-05,0.009191155962,0.01244165393,0,0.004171145874,0.01428652042,0.03787589831,0,0.004172120356,0.1065110922,0.002362393511,0.003479972555,4.34E-05,3.52E-03,0.0279164001,4.01E-05,0.00803157917,0.01039397268,0,0.003278235641,0.01208340065,0.0330011969,0,0.003725022204,0.09396170514
Estonia,0,0.003101748185,0,0.003101748185,0.0320043419,4.65E-05,0.0123495997,0.0123495997,0,0.004777939769,0.005136574782,0.02900128732,0,0.0009242630801,0.08734221523,0,0.003060881978,0,0.003060881978,0.03274795742,4.42E-05,0.01160919447,0.01160919447,0,0.004433723507,0.004809180327,0.02732152864,0,0.0008689255517,0.08489557332
Germany,0.005814960028,0.02700276843,0.0115063526,0.03850912103,0.182968101,0.001059809411,0.2634290345,0.2692439946,0,0.06632087198,0.07329835748,1.179068905,0.004931388772,0.1794577857,1.994858335,0.00906157259,0.04982459853,0.02014863604,0.06997323457,0.3957583275,0.001530533235,0.4219629005,0.4310244731,0,0.1102077139,0.1128186512,1.964793823,0.003239983562,0.3056642683,3.395011009
Bulgaria,0.005773498437,0.005971692438,0.009756587763,0.0157282802,0.01126145152,0.002429584976,0.07784877508,0.08362227352,0.004318331701,0.02374540637,0.07287541645,0.07430557333,0.02689400379,0.01121790565,0.3263982275,0.007670739532,0.007194453441,0.01102232161,0.01821677505,0.01339205678,0.003068034205,0.08244944302,0.09012018256,0.005878181237,0.03183978452,0.07615927207,0.09082378994,0.042031124,0.01320445753,0.3847336579
Greece,0.02717876984,0.005445970596,0.004317716991,0.009763687587,0.1077935792,0.01673590185,0.01527943064,0.04245820047,0.005249930466,0.02089408228,0.1783306122,0.1707202034,0.0122378148,0.005154617684,0.56933863,0.02830511607,0.007645358579,0.003623806365,0.01126916494,0.1057947779,0.1218655011,0.0157829129,0.04408802897,0.003993071745,0.01977390936,0.1560553852,0.1499694317,0.005691641437,0.004065059519,0.622565972
Albania,0.01571440124,0.001453987083,0.002160632864,0.003614619947,0.02174303772,0.0004988399194,0.003348033848,0.01906243509,0,0.008091127579,0.02717888419,0.05363863955,8.46E-05,0.0008179733008,0.1347301963,0.00929077022,0.0007619201583,0.001051903487,0.001813823645,0.01143776179,0.0002369298508,0.001832397527,0.01112316775,0,0.004504830859,0.01509059693,0.02813744934,4.89E-05,0.0003833093446,0.07277678863
Croatia,0.005422546692,0.004232492678,0.002790765786,0.007023258464,0.0437397733,0.0001742952256,0.01476554729,0.02018809398,0,0.02001090942,0.04368437538,0.0535995838,0,0.007894783378,0.1963150729,0.0028986217,0.00262837957,0.001863246541,0.004491626111,0.02263723742,0.0001195934711,0.008862149363,0.01176077106,0,0.01200102391,0.02593294137,0.03558745237,0,0.005519378156,0.1180500239
Switzerland,0.009509305478,0.003197344624,0.003606342418,0.006803687042,0.01701528019,4.94E-05,0.01808445799,0.02759376347,0,0.01580694771,0.003423184145,0.1517680962,0,0.007464831838,0.2299251661,0.01435489047,0.004333511147,0.00483536276,0.009168873907,0.02468037625,6.20E-05,0.02462225479,0.03897714526,0,0.02153991119,0.004645767773,0.22107944,0,0.01071598211,0.3308694888
Luxembourg,8.87E-05,0.000157910598,2.52E-07,1.58E-04,0.0001171445795,1.06E-05,0.001403507775,1.49E-03,0,0.001751927014,0.00107265542,0.01877097727,0,0.000630570197,0.02400426459,0.0002199073206,0.0003915055636,6.25E-07,3.92E-04,0.0002904349372,2.63E-05,0.003479697432,0.003699604753,0,0.004343528437,0.00265941976,0.04653862457,0,0.001563363976,0.05951344152
Belgium,0.0002630015784,0.002582547148,0.0001451940954,0.002727741243,0.01473446655,3.55E-05,0.03631173916,0.03657474074,0,0.02472988027,0.006054697608,0.2066339125,0,0.0179685097,0.3094594154,0.0008152147702,0.005242480097,0.0002321014969,0.005474581594,0.02735075647,5.35E-05,0.06225475136,0.06306996613,0,0.04172945682,0.009990619505,0.3964158286,0,0.03225710116,0.576341813
Netherlands,0,0.001767638177,0.00060698454,0.002374622717,0.01555817228,0.0001154389437,0.04109170915,0.04109170915,0,0.02947705665,0.0675470258,0.466073757,0,0.02561627558,0.6478540582,0,0.003476309375,0.001232447666,0.00470875704,0.03100844678,0.0002508682946,0.08838677398,0.08838677398,0,0.06088378459,0.1396039019,0.9671069299,0,0.0416589276,1.33360839
Portugal,0.05740386471,0.002913400483,7.25E-05,2.99E-03,0.01448616554,0.001510349118,0.01854413661,0.07594800131,0.006268563904,0.06491818784,0.1033292714,0.1750256517,0,0.001994123869,0.4464662575,0.04920663981,0.002774360766,5.51E-05,2.83E-03,0.01579856376,0.001633432468,0.01893419477,0.06814083458,0.005843035165,0.06919065637,0.1203117424,0.1802202416,0,0.001940547101,0.4659085411
Spain,0.1446519174,0.03072319153,0.002601629796,0.03332482132,0.03885248585,0.003829830247,0.05867976275,0.2033316801,0.01638760083,0.1068968925,0.3406884601,0.9124030236,0.000611084977,0.006848378876,1.663174258,0.2785892137,0.08173182393,0.00602718129,0.08775900522,0.08092079499,0.005915287199,0.1007577184,0.3793469321,0.02477319608,0.1999363626,0.6286153039,1.643392574,0.0006223296325,0.01402676809,3.065308554
Ireland,0.008597965516,0.003200054312,0.0002511277651,0.003451182077,0.07297108064,1.16E-05,0.01187469764,0.02047266315,0,0.01349610656,0.0149504271,0.5912264136,0,0.003052797058,0.7196322504,0.00502710944,0.001968403675,0.0001631646758,0.002131568351,0.04145656516,7.26E-06,0.007466370086,0.01249347953,0,0.008552393137,0.009549547686,0.35155782,0,0.001936047834,0.4276846854
Italy,0.004956221199,0.01501998842,0.1124558517,0.1274758401,0.1926865129,0.009006526007,0.1527563658,0.157712587,0.06197943783,0.1382883561,0.5208786298,0.6943316355,0,0.12840383,2.030763355,0.004522626959,0.01391286915,0.1143263016,0.1282391708,0.1611509032,0.005995250501,0.1496310188,0.1541536457,0.1074577533,0.07422816352,0.5397467891,0.7279124063,0,0.1291474408,2.028031523
Denmark,0,0.003959193772,3.35E-05,3.99E-03,0.1394025401,5.58E-05,0.02101128143,0.02101128143,0,0.004086398898,0.03278509957,0.2588098741,0,0.001400568795,0.461544259,0,0.004778755492,4.45E-05,4.82E-03,0.1591067479,6.47E-05,0.02312369434,0.02312369434,0,0.004920132299,0.03675406284,0.3607329637,0,0.001550724346,0.5910762511
United Kingdom,0.009302298603,0.01687076602,0.02467106579,0.04154183181,0.2786479096,0.0002404634971,0.07417085766,0.08347315626,0,0.2040307014,0.4070280959,0.9941638744,0.01898934558,0.1474329337,2.175548312,0.005697310611,0.01231585631,0.02037638668,0.03269224299,0.1779953924,0.0001733202923,0.0570767429,0.06277405352,0,0.1760193913,0.2768266186,0.7462477151,0.01049759928,0.123059316,1.606285649
Iceland,0.006560400955,0,0.0008033663196,0.0008033663196,0.09929705325,0.001306822071,0.0005356682573,0.007096069213,0,0.0005862878281,0.00850711138,0.0139102999,0,1.78E-05,0.1315247625,0.00745672915,0,0.0007471390675,0.0007471390675,0.07747058183,0.0008965211335,0.0003924843878,0.007849213538,0,0.0004261154874,0.006099853365,0.01133787348,0,1.30E-05,0.1048403476
Slovenia,0.002110680125,0.001032104473,0.0001000652568,0.00113216973,0.006090837632,4.93E-05,0.006194378596,0.008305058721,0,0.007818105593,0.00548276624,0.0470219445,0.008656657605,0.001389906708,0.08594674989,0.001503566779,0.0006385983644,7.13E-05,7.10E-04,0.003368121379,3.35E-05,0.003860265795,0.005363832574,0,0.004895219728,0.003402576693,0.03073743403,0.006166667624,0.0008773923351,0.05555467418
Finland,0.3040019687,0.0001881119652,0,0.0001881119652,0.3466877546,0.0001905694996,0.04674732438,0.3507492931,0,0.05099279258,0.01051625615,0.09958526941,0,0.002334304862,0.8612443522,0.09284461218,0.0001040690465,0,0.0001040690465,0.149070162,9.28E-05,0.01969000536,0.1125346175,0,0.0224735669,0.00470832385,0.04943589531,0,0.0008886697837,0.3393081309
Slovakia,0.006080533173,0.003278486467,0.004735302378,0.008013788845,0.003053921241,6.24E-05,0.01355562773,0.01963616091,0,0.02626904387,0.03620290919,0.04099198574,0.007141881253,0.01036793466,0.1517400456,0.009956343872,0.005547589782,0.008368241456,0.01391583124,0.004291318854,9.45E-05,0.02215243183,0.0321087757,0,0.03783788172,0.05277493783,0.06145043187,0.008595759843,0.01570402172,0.2267734277
Czechia,0.01011848714,0.006657620998,0.003322280736,0.009979901734,0.01597737969,0.0002480597574,0.05408931589,0.06420780303,0,0.04659198952,0.1457571802,0.1431169984,0.06758964084,0.02471575636,0.5181847095,0.01505035123,0.010232113,0.004501521534,0.01473363453,0.0216962593,0.0004139466714,0.06768499728,0.08273534851,0,0.06289459192,0.1963890528,0.2105761698,0.1108286261,0.03247638817,0.7327440177
Bosnia and Herzegovina,0.01400795525,0.002997829469,0.0009358869232,0.003933716393,0.007859906936,0.0002988144089,0.01455949778,0.02856745303,0,0.01451870347,0.03046350891,0.0429838251,0.02903364428,0.0002801653126,0.1579397378,0.00480282086,0.001179369842,0.0003741168823,0.001553486725,0.002650737422,0.0001137095152,0.005923147158,0.01072596802,0,0.005795474055,0.01216544412,0.01698111437,0.01276025816,0.0001115704325,0.06285776282
Macedonia,0.004713404718,0.001180918166,0.0005618389429,0.001742757109,0.0006664544883,0.0005788810679,0.005481182197,0.01019458692,0.0001969929096,0.01281997027,0.02675993146,0.02394991238,0.005925065697,0.0004831059545,0.08331765825,0.001922110402,0.0003596332506,0.0001779827385,0.0005376159891,0.0002410854064,0.0001545413173,0.001638969428,0.00356107983,5.05E-05,0.003532160203,0.007379773271,0.007949749126,0.00158275454,0.0001460080591,0.02513523518
Serbia,0.04694813878,0.005137352007,0.001603491573,0.00674084358,0.006205139761,0.001778874792,0.02403660108,0.07098473986,0,0.03573139907,0.07997365491,0.1611456739,0.05474129536,0.01301086343,0.4303124847,0.02406799986,0.003867491773,0.001034551984,0.004902043757,0.006364656201,0.001694141905,0.01646211403,0.04053011389,0,0.02734704683,0.0611411742,0.1520899683,0.02099928375,0.01380886564,0.3288772945
Montenegro,0.0004068006405,0.0005567201255,2.73E-05,5.84E-04,0.005010574042,9.67E-06,0.001757432517,0.002164233157,0,0.001247904126,0.002749984268,0.009258088382,0.001076698892,4.62E-06,0.02210577443,0.000307782582,0.0004420982374,2.09E-05,4.63E-04,0.003808584362,8.04E-06,0.001372235022,0.001680017604,0,0.0009569614979,0.002108811951,0.007534673118,0.0009031264321,3.87E-06,0.01746710802
Kosovo,0.0004844327052,0.0004962995975,3.18E-05,5.28E-04,3.78E-05,0.0002222213147,0.005336270794,0.005820703499,0,0.00286655499,0.006318148128,0.008369659974,0.01136797743,2.93E-05,0.03556051582,0.0002705258813,0.0002771528111,1.78E-05,2.95E-04,2.11E-05,0.0001240969413,0.002979979147,0.003250505028,0,0.001600794717,0.003528297269,0.004673940501,0.006348316455,1.64E-05,0.01985836171
France,0.02966854357,0.0367039177,0.008271207924,0.04497512562,0.1438360648,0.002611508366,0.1569823193,0.1866508628,0,0.1750323132,0.3957847265,1.52628931,0,0.03315026317,2.508330174,0.0315915879,0.0541380303,0.01118313613,0.06532116644,0.1698311523,0.002279400989,0.1533981181,0.184989706,0,0.150023454,0.3995070871,1.548708632,0,0.03683082319,2.557491422
Norway,0.04302997281,0.001894326322,0,0.001894326322,0.4466514043,1.96E-05,0.02271336074,0.06574333355,0,0.03240889903,0.01072113257,0.1061725573,0,0.009515492931,0.6731267896,0.04204548637,0.002133813201,0,0.002133813201,0.3445101827,2.21E-05,0.02114837917,0.06319386554,0,0.03233940678,0.01011737403,0.1039712007,0,0.009453974624,0.5657419179
Algeria,0.003542609026,0.0217518796,0.006079443657,0.02783132326,0.03577423717,0.001884937972,0.01640207366,0.01994468269,0,0.1016308139,0.2789514154,0.190253037,0,0.9966992881,1.652969735,0.00334807745,0.01527882582,0.005331924179,0.02061075,0.02055575304,0.001485881829,0.01339353656,0.01674161401,0,0.102593151,0.2812570274,0.1243576922,0,0.816621836,1.384223706
Morocco,0.08115465207,0.02704719819,0.002229204702,0.02927640289,0.01058378651,0.0004268833914,0.02088662877,0.1020412808,0.009002240947,0.03926509669,0.1462901112,0.3424538173,0,0.03256040331,0.7119000231,0.06040149179,0.02241898167,0.002210459135,0.0246294408,0.01029871912,0.000584607774,0.02554496762,0.08594645941,0.00891583567,0.04028803285,0.1499952975,0.2877605027,0,0.04427184585,0.6526907417
Libya,0,0.005244381398,0.007709662715,0.01295404411,0.003369144,2.40E-05,0.01417075477,0.01417075477,0,0.03438174921,0.07708911076,0.07380414341,0,0.2802543821,0.4960473047,0,0.008733860213,0.009071702924,0.01780556314,0.01213614639,3.67E-05,0.03310111185,0.03310111185,0,0.08089727976,0.1814399566,0.2324719198,0,0.3283008377,0.886189469
Egypt,0,0.009120316989,0.001319076192,0.01043939318,0.000797225347,0.001865722632,0.04465486759,0.04465486759,0.4638590683,0.6884498386,0.4715278244,0.2969933569,0.0001765866676,0.3870082305,2.365772114,0,0.007392237028,0.001064290654,0.008456527682,0.000668170196,0.00133778438,0.03122566069,0.03122566069,0.2872270442,0.4226523972,0.2902332835,0.1978192398,0.0001677282344,0.2522796849,1.492067521
W. Sahara,0,0.003589718465,0,0.003589718465,0.0001099416939,0,1.49E-05,1.49E-05,0,6.57E-07,4.69E-07,4.86E-05,0,1.27E-06,0.003765577008,0,0.003583616672,0,0.003583616672,0.0001146078675,0,1.58E-05,1.58E-05,0,7.01E-07,5.00E-07,5.19E-05,0,1.36E-06,0.003768479644
Tanzania,0.04652430149,0.1173086427,0.003411692106,0.1207203348,1.464827745,0.17407739,0.2036479474,0.2501722489,1.75797704,1.081838734,0.09359225826,2.56676848,0.004889091278,0.002164565937,7.517027888,0.2398969885,0.1698474093,0.008742010194,0.1785894195,1.788335822,0.2176733879,0.3367519865,0.576648975,1.594506027,1.579488569,0.1361192141,4.545565904,0.005307953394,0.003993155259,10.62622843
Democratic Republic of the Congo,0.02925006947,0.3863772345,0.001167582553,0.3875448171,7.184774484,1.424575322,0.2410354059,0.2702854754,0.02036310197,4.035991754,1.80075466,0.1466709667,0,0.007146972213,15.27810755,0.01916912796,0.4436979501,0.001197575875,0.444895526,9.611461425,1.745747094,0.2295613085,0.2487304365,0.01018339544,1.706608618,0.7265035175,0.1542659146,0,0.002921540919,14.65131747
Somalia,0,0.05412000602,3.57E-05,5.42E-02,0.0313043506,0.0002428376992,0.06752485206,0.06752485206,0,0.07862464942,0.04024349488,0.5149875831,0,0.001917441219,0.7890009003,0,0.05286662459,3.33E-05,5.29E-02,0.0306704256,0.0002374910001,0.0493467293,0.0493467293,0,0.02716106268,0.01390221584,0.2342607957,0,0.00168741277,0.410166099
Kenya,0.04291570822,0.08883029689,0.005925829349,0.09475612624,0.1778805871,0.0111568815,0.1469137887,0.189829497,0.005844982128,0.05035969703,0.008035980127,0.8118991141,0,0.0001350358355,1.349897901,0.1046064948,0.1039280409,0.007364835545,0.1112928764,0.5880773883,0.01477533752,0.3099130408,0.4145195356,0.01642269049,0.1355793857,0.02169603747,1.26216105,0,0.0001459401742,2.564670242
South Africa,0.0342109886,0.1334754073,0,0.1334754073,0.1294439973,0.06885614671,0.1638662673,0.1980772559,0,0.3845599458,0.5841782467,1.227859103,0.06912162381,0.01312890043,2.808700627,0.03410032452,0.139317893,0,0.139317893,0.1276142737,0.0723096354,0.1752629769,0.2093633014,0,0.3970136008,0.6034426634,0.8368977854,0.2305696126,0.0146298976,2.631158663
Lesotho,7.28E-06,0.002352592704,0,0.002352592704,0.003964495627,0.0006263327394,0.00876911433,8.78E-03,0,0.01058297498,0.002918905097,0.03357080769,0,3.42E-06,0.06279592361,2.36E-05,0.00390274738,0,0.00390274738,0.0118528052,0.001122180639,0.01337120516,1.34E-02,0,0.01467429169,0.00403907716,0.05403998549,0,4.26E-06,0.1030301315
Zimbabwe,0.3740276208,0.06309510702,0,0.06309510702,0.08813793636,0.03462426173,0.0970066807,0.4710343015,0,0.01940297798,0.006581290223,0.3768066955,0.005601839331,0.000501611943,1.065786022,0.2219461882,0.08574555085,0,0.08574555085,0.1262150868,0.03790799178,0.1828903483,0.4048365365,0,0.04816975396,0.01638604241,0.6162686958,0.005660093922,0.0005557347727,1.341745487
Botswana,0,0.1161593226,0,0.1161593226,0.2043158966,0.08826822184,0.006877505723,0.006877505723,0,0.01546088598,0.01606563207,0.07565159325,0.02527270651,0.0005542841479,0.5486260487,0,0.1145001392,0,0.1145001392,0.1851833936,0.0867785195,0.005900528142,0.005900528142,0,0.01191982572,0.01236952523,0.07367902926,0.02290159516,0.0005238340933,0.5137563899
Namibia,0,0.1045674742,1.67E-06,1.05E-01,0.1182574812,0.02132409714,0.004062871378,0.004062871378,0,0.004302386934,0.002195373627,0.2175687319,0,0.0005575341032,0.4728376251,0,0.1000331621,0,0.1000331621,0.09775368018,0.01786302825,0.003537307545,0.003537307545,0,0.004141617784,0.00211792569,0.195521014,0,0.0004788535898,0.4214465892
Senegal,0,0.03309325316,7.91E-05,3.32E-02,0.1393501636,0.05219827343,0.01630490511,0.01630490511,0,0.0289029032,0.007328419152,0.236450741,0,0.0002092628229,0.5139170245,0,0.03246803754,8.57E-05,3.26E-02,0.1351642928,0.05079499304,0.01707722312,0.01707722312,0,0.03031733443,0.007672670198,0.241310145,0,0.0002162862937,0.51510667
Benin,0,0.02039978263,0,0.02039978263,0.1117636968,0.01155799577,0.02595108954,0.02595108954,0.07163960862,0.007193163833,0.001575771535,0.1340726502,0,0.0002257930756,0.384379552,0,0.01924898648,0,0.01924898648,0.1084473819,0.0113068578,0.02478656715,0.02478656715,0.03358015034,0.006968611261,0.001518207979,0.1246984834,0,0.0002175902385,0.3307728366
Nigeria,0.2702764487,0.1726095149,0.0009307879392,0.1735403028,2.534690522,0.1463404926,1.402171967,1.672448416,0.5007734801,0.574256283,0.3037642114,1.168914848,0.0002404143524,2.267038328,9.342007298,0.346388339,0.2225080456,0.001303994928,0.2238120405,2.372362462,0.1926435041,1.782387446,2.128775785,0.4920614731,0.4599005224,0.2431678596,1.511149077,0.0001813794298,1.51413129,9.138185392
Cameroon,0.07972685942,0.07366765645,0.0008697697747,0.07453742623,0.4541855412,0.1505526437,0.08144050319,0.1611673626,0.01611127498,0.05280250734,0.0292758374,0.294963017,0,0.035870038,1.269465649,0.1611332684,0.1113969716,0.0008891729099,0.1122861446,0.5978097045,0.1821166792,0.1782954609,0.3394287293,0.03550612296,0.07364564591,0.04121443078,0.8127261004,0,0.03370936924,2.228442927
Togo,0.01593139069,0.009604611593,0,0.009604611593,0.04184994209,0.01062578251,0.02246542456,0.03839681525,0.005282766974,0.008445522918,0.002896974487,0.09103882629,0,0.0001399480942,0.2082811902,0.01533303549,0.009014253851,0,0.009014253851,0.03479798351,0.01018173626,0.02175880653,0.03709184201,0.004990139226,0.008406675778,0.002883918678,0.08449288862,0,0.000136090121,0.1919955281
Ghana,0.3981160128,0.03618081843,0.0001259971022,0.03630681554,0.3707365698,0.0627055557,0.03767793961,0.4357939524,0.008854947558,0.125416925,0.01315978342,0.1577947785,0,0.0008542733138,1.211623601,0.3218409816,0.03753887434,0.0001259144303,0.03766478878,0.3283105175,0.06272954256,0.03956621679,0.3614071984,0.006986281682,0.1245845484,0.01306238204,0.1501936806,0,0.0011325545,1.086071494
CÃ´te d'Ivoire,0.1052868109,0.04234451626,1.89E-06,4.23E-02,0.1550814347,0.0283958535,0.06729787941,0.1725846903,0.1194609722,0.06354874,0.01875571329,0.06268450975,0,0.1086408594,0.771499176,0.1953528981,0.04396606961,1.90E-06,4.40E-02,0.1606234848,0.03073572955,0.06891071343,0.2642636115,0.1366946766,0.05681126407,0.01677068323,0.06522460428,0,0.1163015805,0.8913936056
Guinea,0.003321382656,0.0333025572,0,0.0333025572,0.1978045697,0.08710525598,0.06733708871,0.07065847137,0.003781653956,0.004304156885,0.002402695383,0.2957462319,0,2.65E-05,0.6951321272,0.002611116071,0.03060068835,0,0.03060068835,0.1682764531,0.08144824751,0.06163949116,0.06425060723,0.00365257206,0.003774832341,0.002106621018,0.2613471658,0,2.55E-05,0.6154827141
Guinea-Bissau,0,0.00593477973,0,0.00593477973,0.06370074441,0.007997542646,0.01552677978,0.01552677978,0,0.001563511514,0.0008895025281,0.164585701,0,2.52E-06,0.2602010851,0,0.005388719518,0,0.005388719518,0.05256419857,0.006392395639,0.0154593245,0.0154593245,0,0.001727069049,0.0009789405959,0.1325963535,0,3.05E-06,0.2151100549
Liberia,0,0.008900851931,8.32E-07,8.90E-03,0.1927104137,0.008502680138,0.0461993635,0.0461993635,0.0001565273462,0.01513173472,0.006801298127,0.007511913046,0,3.07E-05,0.2859463314,0,0.008865131811,8.32E-07,8.87E-03,0.190740575,0.008453985332,0.04547444307,0.04547444307,0.0001547089917,0.01485715906,0.006678116751,0.00744823499,0,3.03E-05,0.2827034964
Sierra Leone,0.002751263231,0.009833571006,0,0.009833571006,0.1243856831,0.0318572529,0.03242874329,0.03518000652,0.002342811591,0.0353751733,0.008031364192,0.03914517408,0,0,0.2861510367,0.005216740835,0.01102737859,0,0.01102737859,0.1470775021,0.03588375632,0.04014558922,0.04536233005,0.003126643911,0.05365338095,0.012166173,0.04434549546,0,0,0.3526426604
Burkina Faso,0.02215809865,0.05495670015,0,0.05495670015,0.2973471751,0.01572901696,0.07790421984,0.1000623185,0,0.05985021714,0.01837310434,0.5310544565,0,0.0001196179077,1.077492607,0.01933324852,0.04371588545,0,0.04371588545,0.2163310749,0.01463935023,0.05594101418,0.0752742627,0,0.03857412392,0.0118396016,0.4075245964,0,9.87E-05,0.8079976102
Central African Rep.,0,0.1256727126,8.47E-06,1.26E-01,0.9406865429,0.4197723044,0.01192430326,0.01192430326,1.07E-05,0.01501264288,0.00520744844,0.1036419769,0,0.001124214146,1.623061327,0,0.1225225866,3.99E-06,1.23E-01,0.8526306248,0.3970374296,0.01189728396,0.01189728396,1.08E-05,0.01502762804,0.005221625003,0.09834606074,0,0.001135721666,1.503833726
Congo,0.01621559322,0.05367243358,1.61E-05,5.37E-02,4.544769718,0.0625625855,0.007636967248,0.02385256047,0,0.003430845557,0.001578977537,0.02810649159,0,0.002126204381,4.72011588,0.007531340219,0.05267907513,1.61E-05,5.27E-02,3.984348153,0.05507249516,0.007361007087,0.01489234731,0,0.003448028075,0.001586898928,0.02639030605,0,0.002111584939,4.140544946
Gabon,0.0008929845396,0.03030602323,0.0005705249984,0.03087654823,0.6660351229,0.007159875143,0.01766989148,0.01856287602,0,0.0006948270054,0.0003040737433,0.3508512428,0,0.004380798521,1.078865364,0.0008926865168,0.03397966878,0.0005669101702,0.03454657895,1.238436788,0.006445823294,0.01784372756,0.01873641408,0,0.000690372159,0.00030209767,0.3226902374,0,0.004333233806,1.626181545
Eq. Guinea,0,0.002524319055,0,0.002524319055,0.008273473525,0.0006697435182,0.001847245365,0.001847245365,0,0.0002384329652,6.13E-05,0.0002995190558,0,0.02170867181,0.03562273461,0,0.002449268258,0,0.002449268258,0.007935194773,0.0006469974481,0.001809400691,0.001809400691,0,0.0002336902852,6.01E-05,0.0002881443388,0,0.0216717373,0.03509448551
Zambia,0.07558800088,0.1176241879,8.99E-06,1.18E-01,1.161515532,0.5110661602,0.06817309995,0.1437611008,0.0004702083548,0.006323721974,0.001060878035,0.5291353927,0.0006838323643,2.39E-05,2.471673855,0.2697447284,0.1956910923,6.27E-05,1.96E-01,2.176898944,0.8284961067,0.1692183402,0.4389630686,0.001000913024,0.01520543876,0.001785535731,1.08125058,0.0008036608999,7.26E-05,4.740230571
Malawi,0,0.01568096653,4.01E-05,1.57E-02,0.1976139948,0.0163432191,0.03532763885,0.03532763885,0.0132920545,0.03342578268,0.00472564112,0.0582369108,0.005074360614,0.003931014399,0.3836916744,0,0.09769419356,3.99E-05,9.77E-02,1.238198951,0.1039080037,0.2359549195,0.2359549195,0.1095691542,0.1858129621,0.02627008728,0.3469439784,0.005052832993,0.02743451483,2.376879487
Mozambique,0.218934967,0.1069394935,0.0005147926417,0.1074542861,0.4628985775,0.4148494134,0.07670970539,0.2956446724,0.01386712932,0.04241815218,0.006324969211,0.06987062958,0.02341638974,0.005358949805,1.442103169,0.2314553038,0.1434431354,0.0008317274202,0.1442748628,0.5691588,0.5000511393,0.08401468317,0.315469987,0.02098894819,0.04544335882,0.006695944686,0.09642828134,0.02340970219,0.04043138275,1.762352407
eSwatini,0.0001455220633,0.003006304793,0,0.003006304793,0.00139878741,0.001796543525,0.00508036885,0.005225890913,0,0.07101531649,0.01722203199,0.04223343824,0.003107583781,0.0003258375185,0.1453317347,6.57E-05,0.00393176526,0,0.00393176526,0.001342048662,0.002981718722,0.00593417091,6.00E-03,0,0.05355144255,0.01392737547,0.05626010842,0.002748506154,0.0003817766276,0.1411246237
Angola,0.1061461443,0.1977882798,0.0002777527824,0.1980660326,0.5437758632,1.031088422,0.06870040825,0.1748465526,0.0003343419019,0.02623784527,0.009775980922,0.4356767359,0,0.2451384537,2.664940229,0.1044545155,0.2006671232,0.0002597078808,0.2009268311,0.6552337139,1.070697174,0.05860873564,0.1630632512,0.0003304558889,0.01835818145,0.006865273781,0.4301408257,0,0.1204147081,2.666030416
Burundi,0,0.004313285887,3.43E-05,4.35E-03,0.04948513559,0.001101905967,0.04376360944,0.04376360944,0.005208700262,0.0003669995032,4.09E-05,0.04597175509,0,7.64E-06,0.1502942568,0,0.004429688694,3.62E-05,4.47E-03,0.05131547656,0.001120427584,0.0450035542,0.0450035542,0.005445905218,0.0003841924051,4.28E-05,0.0473690377,0,7.67E-06,0.1551549613
Madagascar,0.00125084149,0.07551504804,0.0005551088123,0.07607015685,0.4840478034,0.1118835092,0.0662680854,0.06751892689,0.2144955268,0.01539891198,0.004828346174,0.2643469961,0,0.005972045287,1.244562223,0.001248591346,0.08505384454,0.0005599465079,0.08561379105,0.6941959323,0.1166602357,0.2008150446,0.202063636,0.463907901,0.09563424768,0.03006295635,0.3382901767,0,0.01750329722,2.043932174
Gambia,0,0.002465715618,0,0.002465715618,0.01729026999,0.002994865268,0.003930239117,0.003930239117,0,0.003404990148,0.001216309765,0.06339348149,0,1.98E-06,0.09469785164,0,0.004491258544,0,0.004491258544,0.02450213222,0.006511289727,0.009533000596,0.009533000596,0,0.008950589069,0.003198935429,0.1015099407,0,3.91E-06,0.1587010567
Eritrea,0,0.006853776181,0.001800947969,0.00865472415,0.02142302831,0.0006663778245,0.007827599579,0.007827599579,0,0.001158240595,0.0003621315372,0.1464277012,0,0,0.1865198032,0,0.006865941251,0.001816608178,0.00868254943,0.02089769504,0.0005482665217,0.007802459061,0.007802459061,0,0.001161995791,0.0003633627481,0.1452783748,0,0,0.1847347034
Ethiopia,0.1197359154,0.1461736466,0.004072834934,0.1502464815,0.6393771992,0.09782721911,0.5347599914,0.6544959068,3.81E-05,0.1239550016,0.02323202062,3.412948503,0.01331711854,2.54E-05,5.115462884,0.4927705066,0.1893479638,0.004258337721,0.1936063016,1.319597417,0.1515448534,0.8144510931,1.3072216,3.83E-05,0.1251018244,0.02344693869,4.831700186,0.03280935974,2.48E-05,7.985091657
Djibouti,0,0.002158665703,0.001179250573,0.003337916276,0.0005216367832,1.08E-05,0.002227235116,0.002227235116,0,0.000855884429,0.002624151416,0.01079901528,0,4.26E-08,0.02037667866,0,0.00212778338,0.001162379968,0.003290163348,0.0005141741383,1.06E-05,0.002195371825,0.002195371825,0,0.0008436399675,0.002586609758,0.01064452232,0,4.20E-08,0.02008516564
Somaliland,0,0.02452979068,0.0002087173586,0.02473850804,0.002713687638,1.56E-05,0.02129043525,0.02129043525,0,0.004383304953,0.002246043336,0.1301968887,0,0.0006192862779,0.1862037322,0,0.02354451144,0.0001861285351,0.02373063998,0.002673127705,1.54E-05,0.02159227599,0.02159227599,0,0.004446392904,0.002277337633,0.1264462396,0,0.0006078842727,0.1817893323
Uganda,0,0.04358415656,0.001503362628,0.04508751919,0.677673453,0.05557757631,0.1060018538,0.1060018538,0.0161425966,0.2685165562,0.02083688875,0.6223982384,0,0.009495424007,1.821730106,0,0.1038636187,0.002922479839,0.1067860986,1.517789093,0.1002057775,0.3226703446,0.3226703446,0.0504672256,0.6043503038,0.05012158757,1.882502298,0,0.02911698672,4.664009715
Rwanda,0,0.004216284475,0.000620557333,0.004836841808,0.06271518513,0.0005645992744,0.03272479791,0.03272479791,0.004223962906,0.02659513399,0.005824126709,0.166604054,0,0.0001229586156,0.3042116603,0,0.01686253096,0.003960951507,0.02082348246,0.2471437853,0.001582597852,0.1431626313,0.1431626313,0.009023041412,0.143398149,0.0319711668,0.7501435124,0,0.0005916260359,1.347839993
South Sudan,0,0.1297704509,0.0001213789816,0.1298918299,1.568169403,0.3216919534,0.01558359605,0.01558359605,0,0.1164657544,0.06708963602,0.5578412066,0,0.02273962536,2.799473004,0,0.3702504894,0.0004119644324,0.3706624538,4.898570389,0.9128316784,0.04667927194,0.04667927194,0,0.3626560915,0.2091277863,1.641129229,0,0.06345040706,8.505107307
Chad,0,0.161724764,0.0004200028858,0.1621447668,2.109930076,0.08086525941,0.04699975862,0.04699975862,0.00364015895,0.00416773714,0.0007815763259,0.4626420962,0,0.07359146418,2.944762893,0,0.236795274,0.0002757237786,0.2370709978,1.623995587,0.06872077831,0.07040442421,0.07040442421,0.001571221904,0.008137590605,0.001480358849,0.9330771157,0,0.224239421,3.168697495
Niger,0,0.1155659729,0.0002858487758,0.1158518216,0.1364693116,0.007071024209,0.04918853012,0.04918853012,0,0.02785892621,0.001717486409,0.7883760392,0.0002814733606,0.006535197349,1.13334981,0,0.1779666007,0.0002896535086,0.1782562542,0.2957078537,0.07951932874,0.1618104625,0.1618104625,0,0.03508908666,0.002368357022,2.013173278,0.0002937201851,0.01054644266,2.776764784
Mauritania,0,0.02897641348,0,0.02897641348,0.06004609978,0.00104508659,0.01210762444,0.01210762444,0,0.0001050630101,6.60E-05,0.2096913201,0,0.0008747963591,0.312912372,0,0.02271093648,0,0.02271093648,0.04323900105,0.0007830880345,0.01072663953,0.01072663953,0,0.0001031492419,6.50E-05,0.1604451364,0,0.0007750113492,0.238847975
Mali,0.06188831487,0.1163820546,1.94E-05,1.16E-01,0.5709217559,0.05978384089,0.03971536182,0.1016036767,0,0.009078977923,0.001888167455,2.936746561,0,0.005558845996,3.801983283,0.02085234745,0.07563078651,8.02E-06,7.56E-02,0.3377890862,0.03007284371,0.02121461593,0.04206696337,0,0.003174291672,0.0006693982925,1.919302777,0,0.003108121658,2.411822284
Sudan,0.3214498942,0.1620165618,0.0001942060128,0.1622107678,0.6153511861,0.05005212263,0.06430769556,0.3857575897,0,0.0482538726,0.02776819854,1.983993549,0,0.04214665896,3.315533945,0.751219497,0.3493239884,0.0001941001643,0.3495180886,1.391312606,0.2271632472,0.1053550986,0.8565745956,0,0.08743906401,0.05032437431,3.638584854,0,0.03706616805,6.637982998
Israel,0,0.00110535803,0.0001207469231,0.001226104953,0.0007338220762,7.13E-05,0.005127100748,0.005127100748,0,0.07732295687,0.2318591221,0.04405784336,0,0.01486772685,0.3752660254,0,0.0007623331878,8.90E-05,8.51E-04,0.000391781105,4.22E-05,0.00242173119,0.00242173119,0,0.03530680069,0.1051394715,0.02158666701,0,0.00777004448,0.1735100573
Lebanon,0,0.0003775782502,0.0001247232801,0.0005023015303,0.000185939373,2.38E-05,0.003213119978,0.003213119978,0,0.01489368398,0.06510013345,0.01454707474,0,0.002322755372,0.1007888041,0,0.0001836033794,5.39E-05,2.38E-04,9.64E-05,1.05E-05,0.001388589431,0.001388589431,0,0.006717241043,0.02847513224,0.007247797984,0,0.0008997057372,0.04507287884
Palestine,0,0.0001907090859,3.57E-05,2.26E-04,0.0001788185091,4.06E-06,0.0006798333779,0.0006798333779,0,0.006597430124,0.02011966763,0.008774720675,0,0.0009401990288,0.03752113461,0,0.0002286170373,4.52E-05,2.74E-04,0.0002042905948,4.42E-06,0.0008754176455,0.0008754176455,0,0.0092532244,0.02821883696,0.01008340085,0,0.001192755858,0.05010613902
Jordan,0,0.006745302728,0.0004349063385,0.007180209066,0.0005833780583,9.67E-06,0.002650388244,0.002650388244,0,0.0452575733,0.1225413739,0.03095512346,0,0.02222461289,0.2314023285,0,0.029019503,0.0007020547878,0.02972155779,0.0009373557141,1.45E-05,0.003215490194,0.003215490194,0,0.04019658949,0.1089823845,0.06233516195,0,0.01618540436,0.2615884014
United Arab Emirates,0,0.002015850634,0.0003334752854,0.002349325919,0.0004173165485,8.01E-06,0.01495693196,0.01495693196,0,0.1244492906,0.3304352705,0.03947943885,0,1.354402589,1.866498175,0,0.001085857898,0.0002034377016,0.001289295599,0.0002230345508,3.62E-06,0.007333504129,0.007333504129,0,0.05808741438,0.1536913627,0.02070659953,0,0.2774726665,0.5188074983
Qatar,0,0,0.0003729092814,0.0003729092814,0.0004218992547,3.44E-07,0.008715591144,0.008715591144,0,0.01154601598,0.01088163193,0.006226367907,0,0.2603953722,0.2985601318,0,0,0.0003112524787,0.0003112524787,0.0004240865213,2.89E-07,0.006717264226,0.006717264226,0,0.009519668954,0.008756801687,0.005314653739,0,0.1629297326,0.1939737496
Kuwait,0,0.001410906646,0.002307790854,0.0037186975,1.90E-05,2.10E-05,0.004259696001,0.004259696001,0,0.009150330666,0.07126375656,0.009791545395,0,0.02187993306,0.1201039952,0,0.002169029903,0.003240151284,0.005409181187,2.31E-05,2.63E-05,0.01164478701,0.01164478701,0,0.03154751276,0.2457062058,0.01576611078,0,0.02579594596,0.3359192215
Iraq,0.1411979551,0.02201689095,0.0051817356,0.02719862655,0.01175216991,0.0006884436037,0.01308916404,0.1542871191,0,0.05330109506,0.109847135,0.1183296126,0,2.695580184,3.170984386,0.1744722207,0.0524378112,0.004421449756,0.05685926096,0.016815684,0.0008257981076,0.02165575853,0.1961279793,0,0.06649220027,0.1371559753,0.3115319787,0,1.188912866,1.974721742
Oman,0,0.002846301171,0.0009553727013,0.003801673872,0.004630260028,1.72E-05,0.0254990068,0.0254990068,0,0.01113320147,0.006549249299,0.01843173941,0,0.2457936435,0.3158559376,0,0.01229125724,0.004199397555,0.01649065479,0.02189124886,2.69E-05,0.07206023348,0.07206023348,0,0.02741285513,0.01488899169,0.08795533931,0,0.3031637624,0.5438899497
Iran,0.3943922311,0.1457783709,0.01169945524,0.1574778261,0.02628575742,0.001412843288,0.1320943117,0.5264865428,0.06079043474,0.722461908,0.1758054133,0.8419704757,0.01991446816,2.763493255,5.296098924,0.1729112208,0.9261119057,0.066297596,0.9924095017,0.156136602,0.002212709438,0.4407756969,0.6136869177,0.1926672565,1.850305429,0.4439651116,1.934423003,0.01829253705,2.175071011,8.379170079
Syria,0.05504610734,0.009897629913,0.002919313573,0.01281694349,0.006178863655,0.001117776786,0.004310533446,0.05935664079,0,0.08800819762,0.02876751137,0.1480922054,0,0.02280967178,0.3671478109,0.1259586576,0.04975694652,0.01134606914,0.06110301566,0.03963825383,0.003617381318,0.01962354477,0.1455822023,0,0.2385387763,0.08249822765,0.7088358189,0,0.1409112223,1.420724898
Armenia,0.0001961838384,0.002053257511,0.002226820824,0.004280078335,0.000633669435,0.0002211059451,0.003580752145,0.003776935983,0,0.008344377457,0.01832194203,0.04422234132,0,0.03708463659,0.1168850871,0.000102782472,0.001194779402,0.001277729436,0.002472508838,0.0003489079108,0.0001347603888,0.003970604445,0.004073386917,0,0.0107888003,0.02368419413,0.02713913693,0,0.03581501812,0.1044567135
Turkey,0.2529433597,0.05134837324,0.01593240764,0.06728078088,0.1290040377,0.007408910974,0.25046664,0.5034099997,0.01068240763,0.08838297281,0.4043977534,1.557516206,0.2214383207,0.1149236042,3.104444994,0.2651340251,0.05729109156,0.01433804273,0.07162913429,0.158535798,0.009811500889,0.3221670286,0.5873010537,0.01178444167,0.1103152942,0.5045071193,1.215044818,0.1746138495,0.1593774455,3.002920455
Azerbaijan,0.04855683232,0.00488618297,0.102578429,0.1074646119,0.002120234043,0.0007867573036,0.005744999304,0.05430183163,0,0.01541714189,0.01639655674,0.1934059539,0,0.4362423699,0.8261354574,0.04919690128,0.006380205443,0.1810879313,0.1874681368,0.002917544129,0.001438460501,0.00702789679,0.05622479807,0,0.02020777342,0.02165813735,0.2507048407,0,0.7145194093,1.2551391
Georgia,0.007532483027,0.00441289182,0.01168649984,0.01609939166,0.01094118288,0.0007633596618,0.004232103029,0.01176458606,0,0.01174547961,0.05981275822,0.08955094267,0.001326540766,0.07056214609,0.2725663876,0.005930919749,0.003178300167,0.007733758269,0.01091205844,0.00807958316,0.0005124171478,0.00263580278,0.008566722529,0,0.007183138602,0.03660360269,0.05594725341,0.000827066135,0.04417671996,0.1728085621
Yemen,0,0.008429564832,0.002386881543,0.01081644638,0.00187061599,1.43E-05,0.002166518139,0.002166518139,0,0.05045570286,0.03421825903,0.2069093771,0,0.02352376287,0.3299749632,0,0.02487236822,0.009503095627,0.03437546385,0.002382558497,3.40E-05,0.005383758837,0.005383758837,0,0.2472391612,0.1676453311,0.5026396972,0,0.0811799318,1.040879951
Saudi Arabia,0,0.0166783275,0.003870518625,0.02054884613,0.00258812614,0.0002142801815,0.06120002105,0.06120002105,0,0.6149586793,0.5347370018,0.08135246255,0,0.3587447292,1.674344146,0,0.02502224711,0.006776664641,0.03179891175,0.003392280992,0.0005169971725,0.07813284047,0.07813284047,0,0.7202061991,0.6809571401,0.2260390881,0,0.6592953106,2.400338768
North Cyprus,0,0.0001979436088,0,0.0001979436088,0,4.31E-06,0.0001821791146,0.0001821791146,0,0.003254151302,0.01799272853,0.004027315173,0,0,0.0256586307,0,0.0001227004237,0,0.0001227004237,0,4.14E-06,0.0001628092718,0.0001628092718,0,0.00269488664,0.0149004629,0.003795887265,0,0,0.02168088351
Cyprus,0,0.0002875268812,0,0.0002875268812,0,1.09E-05,0.0005295704726,0.0005295704726,0,0.002787201065,0.02007224144,0.01557693556,0,0,0.03926439752,0,0.0002178229155,0,0.0002178229155,0,1.03E-05,0.0005105742216,0.0005105742216,0,0.002638818949,0.01870380087,0.01565358231,0,0,0.03773487483
Turkmenistan,0.01924933385,0.02405455763,0.03538418416,0.05943874179,0.003826753365,0.0001339631998,0.005717621376,0.02496695522,0.000996947605,0.007328667289,0.007855700396,0.3094046429,0,1.319362482,1.733314854,0.02273505878,0.1090312964,0.2090526983,0.3180839946,0.02226547111,0.0007348279569,0.0721631022,0.09489816098,0.05292665295,0.04705516365,0.05079905289,1.985415906,0,5.03725056,7.60942979
Kazakhstan,0.2335159733,0.2132118633,0.0118929527,0.225104816,0.07709937663,0.01995364668,0.07992419042,0.3134401638,0.01994089119,0.0610906931,0.1704259091,0.9491168815,0.2742721193,0.2071820117,2.317626509,0.0569943677,0.2378621054,0.009822064243,0.2476841696,0.06692784008,0.01631769493,0.05606796256,0.1130623303,0.08063581434,0.04398270771,0.1072399996,0.5631305514,0.1155406718,0.5504521903,1.90497397
Russia,2.615301943,0.4401942057,0.07792894255,0.5181231482,9.047314565,0.4864153693,0.2611326965,2.876434639,0.02297273206,0.8996488148,3.026418928,1.869520658,2.122290351,3.515460541,24.38459975,0.6340069788,0.318601341,0.06114420291,0.3797455439,7.924652873,0.4357984592,0.1863514262,0.820358405,0.01615720044,0.5814599485,1.955517518,0.8852776232,1.484256161,3.045117101,17.52834083
Mongolia,0.00358113533,0.1210829153,0.002553867224,0.1236367826,0.1799616323,0.001134432746,0.01939901068,0.02298014601,0,0.003905149288,0.002611497005,0.2915669956,0.02765805502,0.009833558558,0.6632882491,0.001464162386,0.1278573454,0.001659524376,0.1295168697,0.07976908901,0.000359064632,0.006747140018,0.008211302404,0,0.001258390314,0.0008449801515,0.1451995375,0.02407384399,0.004876566479,0.3941096443
Uzbekistan,0.00466371117,0.01806660229,0.001276894111,0.0193434964,0.005623171951,0.0005788909193,0.02704673226,0.03171044343,0,0.1489502474,0.1850581735,0.6122072059,0.005154944031,1.780200201,2.788826775,0.0008947952783,0.01702193519,0.001481268455,0.01850320365,0.006113214999,0.0005917136965,0.0277489539,0.02864374917,0,0.1466538132,0.1938458377,0.6471511437,0.001320860922,1.952488622,2.995312159
Indonesia,0.09182160863,0.1683296502,0.04251092205,0.2108405723,8.933479551,0.8356095084,0.4233437996,0.5151654083,1.659806559,6.013180344,1.220842182,0.6874192976,0.1123224713,0.5146864967,20.70335239,0.05514945761,0.2545951011,0.08060236421,0.3351974653,14.00094432,0.7288388324,0.6630231157,0.7181725734,2.058386036,4.704781482,0.9561525412,0.7186931266,0.1882919917,1.039644009,25.44910237
Timor-Leste,0,0.0007371150429,0.002882157993,0.003619273036,0,0.003170321348,0.0009606340319,0.0009606340319,0,0.0007338205744,0.0002004242081,0.0178842811,0,0.00236985454,0.02893860883,0,0.0007344470042,0.003098889,0.003833336004,0,0.003507870632,0.00102577596,0.00102577596,0,0.0008470665175,0.0002317168701,0.02003033124,0,0.002717081826,0.03219317905
Cambodia,0.1118906828,0.02247148425,0.0007456913327,0.02321717558,1.163031469,0.1704339802,0.05384818612,0.1657388689,0.6836635278,0.007865581289,0.00235043663,0.1868717812,0.0003415135296,0.0005284555135,2.40404279,0.04733667942,0.03102673719,0.0008327021349,0.03185943932,1.947814254,0.2217608287,0.09157294003,0.1389096195,1.522681494,0.01139888446,0.003474055853,0.3239341851,0.0003829338952,0.00103975832,4.203255453
Thailand,0.170061778,0.06064890161,0.001686506443,0.06233540805,1.597221906,0.07595104604,0.1612861656,0.3313479435,1.323440854,0.2964921589,0.214468801,0.3394402798,0.02328613527,0.296693385,4.560677918,0.1818347278,0.1048773816,0.003356102048,0.1082334837,2.701226191,0.104377334,0.2655382962,0.447373024,2.819867976,0.3123339123,0.2229581762,0.3121033512,0.0425423705,0.3956629966,7.466678816
Laos,0.1135875442,0.03177949545,0.0007285341012,0.03250802955,0.2172241538,0.2109593782,0.02845612263,0.1420436668,0.1373301723,0.00218604836,0.000237326242,0.1136799595,0.002568385365,0.000635103494,0.8593722236,0.07873368028,0.04789184977,0.001658036685,0.04954988646,0.2900309944,0.2446275857,0.04567109913,0.1244047794,0.1347465182,0.002304719306,0.0002572314746,0.2432647866,0.001497621883,0.0006408456223,1.091324969
Myanmar,0.1029642724,0.09930159582,0.003824827664,0.1031264235,1.590507939,0.2624168742,0.1881854423,0.2911497146,0.5871965555,0.1277732453,0.02132263286,0.5207240577,0.005510262332,0.00677084371,3.516498549,0.04749310979,0.07597593736,0.002912497358,0.07888843472,1.470133063,0.1650726488,0.1467395939,0.1942327037,0.5130446136,0.08440423562,0.01405850897,0.3804629158,0.002586431769,0.004866434113,2.90774999
Vietnam,0.2593033228,0.03273468239,0.001440356168,0.03417503856,1.38174868,0.0440469766,0.1581505966,0.4174539194,1.791282329,0.4787751418,0.262072437,0.4972058455,0.1028362345,0.03999998402,5.049596586,0.3954549413,0.04795843906,0.002866076641,0.0508245157,1.370638674,0.07971311046,0.2139359047,0.609390846,1.613957944,0.5211496315,0.2853945427,0.5514742155,0.05937603782,0.05620625984,5.198125777
North Korea,0.03163016462,0.006298386765,0.0005958442075,0.006894230972,0.072427793,0.000444435212,0.04822916576,0.07985933038,0.07893611739,0.02445344571,0.01759316247,0.05510210048,0.2742893563,0.0001473292598,0.6101473012,0.0281347693,0.006275147704,0.0005929407428,0.006868088447,0.06089573826,0.0004535595035,0.04235736394,0.07049213324,0.05651410382,0.0206438698,0.01483868248,0.05254225599,0.1527709297,0.0001337015087,0.4361530627
South Korea,0.02577653741,0.003237921917,3.87E-05,3.28E-03,0.1715914146,0.003671022861,0.05819664892,0.08397318633,0.2989629633,0.3481069331,0.05885746896,0.2795536604,0.01435457664,0.1550707145,1.417418538,0.0459517009,0.008564181291,5.02E-05,8.61E-03,0.4704348149,0.009738084888,0.1294134273,0.1753651282,0.5141319217,0.7690621253,0.1300422318,0.291198016,0.05287546795,0.261666557,2.683128721
India,1.242954498,0.3369909008,0.004914952784,0.3419058536,9.171270721,0.09717488186,2.063339974,3.306294472,3.394085538,2.571613771,0.2712317409,10.73314749,0.8591178805,0.798294787,31.54413714,1.391885155,0.6515064886,0.0129625222,0.6644690108,11.46109489,0.2180421077,3.873117037,5.265002192,4.657872413,5.259618996,0.5548947541,7.817548579,1.418880062,1.652557963,38.96998097
Bangladesh,0.04921979375,0.01472724806,0.0008098670555,0.01553711512,4.490779273,0.006372909442,0.1544592758,0.2036790696,0.3766111513,0.5000237167,0.1405735587,0.841639571,0.01178704826,0.06180556409,6.648808978,0.02035267558,0.01483413023,0.0007693246919,0.01560345492,3.484810056,0.004309990124,0.2010036238,0.2213562994,0.3900769663,0.9092102242,0.2557253057,0.8469831217,0.01468026626,0.07876836299,6.221524047
Bhutan,0,0.005602375438,0,0.005602375438,0.05608438146,0.001490048572,0.0121887452,0.0121887452,0.002525402369,0.002729264825,0.003118461442,0.01806022599,0.0001120902706,0.0001922268479,0.1021032224,0,0.009020272284,0,0.009020272284,0.09030033728,0.002399097308,0.01962485408,0.01962485408,0.004066099683,0.004394334533,0.005020972197,0.02907840749,0.0001804742957,0.0003095005909,0.1643943498
Nepal,0.0001842181588,0.01965032864,0.001276092836,0.02092642147,0.289088827,0.01893408192,0.1349011757,0.1350853938,0.001568311858,0.01607857482,0.0006941126715,0.4691315083,4.77E-05,0.0008655276156,0.9524204875,0.000110676631,0.03404620977,0.002434251316,0.03648046109,0.311949211,0.03109251377,0.1927470038,0.1928576805,0.002153189648,0.01809008425,0.0007854141713,0.6830993939,5.13E-05,0.001186288897,1.277745552
Pakistan,0.2667720091,0.06613812696,0.01285402087,0.07899214783,0.09769967764,0.004218566825,0.501538302,0.7683103111,2.238735695,0.9415009667,0.4988255944,5.98190995,0.003390825629,0.002137206016,10.61572094,0.2025627463,0.3601368564,0.05679261354,0.4169294699,0.09073812015,0.003466918733,0.5418802318,0.7444429781,1.179181611,1.043702261,0.5536367356,5.522939144,0.002754791545,0.00444918744,9.562241217
Afghanistan,0.0115520302,0.05072858865,0.0005029587675,0.05123154741,0.003537896966,2.61E-05,0.01336187575,0.02491390595,0,0.004321532119,0.0006756905531,0.4539716297,8.46E-05,0.01001403554,0.548776953,0.004240022906,0.0813524392,0.0009409564165,0.08229339562,0.007655860188,2.98E-05,0.01377075804,0.01801078094,0,0.00438940838,0.0007150320427,0.5480899769,3.75E-05,0.01271766346,0.673939362
Tajikistan,0.05725383733,0.008358593312,0.0004691866067,0.008827779919,0.0002824737215,3.59E-05,0.005241429929,0.06249526726,0,0.01468637434,0.01131049835,0.1329935261,0.01044510616,0.02322017357,0.2642971273,0.02616430618,0.00401284071,0.0002277596386,0.004240600349,7.97E-05,1.24E-05,0.001657883542,0.02782218972,0,0.006006931453,0.004894654336,0.03878760841,0.002087627179,0.01324437575,0.09717612291
Kyrgyzstan,0.02232725166,0.01333612515,0.0008065828473,0.014142708,0.005538952156,0.0002740563924,0.05638634321,0.07871359487,0,0.02610065931,0.01864624848,0.1301348754,0.006177282082,0.0413314143,0.3210597909,0.004438208331,0.006191503701,0.0002282230931,0.006419726795,0.00482561743,6.81E-05,0.01722838918,0.02166659751,0,0.007771776148,0.005485690056,0.05054911675,0.00187241687,0.01561268718,0.1142717454
Sri Lanka,0,0.003359452603,0,0.003359452603,0.1120201465,0.001705241189,0.02942740965,0.02942740965,0,0.04068409127,0.05617347596,0.06663958956,0,0.0001003064043,0.3101097132,0,0.009402390507,0,0.009402390507,0.3358459184,0.005080095881,0.08465188238,0.08465188238,0,0.1107696735,0.1529422639,0.1994971728,0,0.0003007271239,0.8984901245
Taiwan,0,0.001160619708,0.004889456876,0.006050076584,0.02403662981,0.001234588494,0.0250086186,0.0250086186,0,0.3194239601,0.1339792295,0.04619210294,0,0.03161211313,0.5875373192,0,0.0009206683633,0.003536801898,0.004457470262,0.02064688092,0.001031375711,0.01900945392,0.01900945392,0,0.2391539959,0.1003132122,0.02876982803,0,0.02469190401,0.4380741209
Philippines,0.02799868257,0.01569396837,0.009820794746,0.02551476312,1.034641719,0.008779724953,0.1651530943,0.1931517769,0.7835717742,0,0,0.4023677932,0.002873417973,0.006298648454,2.457199617,0.03153335779,0.02160619705,0.01131855055,0.0329247476,1.936479098,0.01154185648,0.2526545277,0.2841878855,1.125637174,0,0,0.4752620717,0.005099483576,0.01087501084,3.882007328
Malaysia,0.1369634376,0.02817873009,0.004848743237,0.03302747333,1.034587159,0.008368003666,0.06958030636,0.206543744,0,0.9645405005,0.665986109,0.06865195313,0.001155880728,0.229927255,3.212788078,0.2515161528,0.04244152484,0.008844954418,0.05128647926,1.56099138,0.01273217002,0.07508700207,0.3266031549,0,0.8517548619,0.7267173839,0.1183600642,0.001165133483,0.300892612,3.950503239
Brunei,0,0.0007159411479,0.003374587664,0.004090528812,0.005191746781,0.0001954605446,0.001118245083,0.001118245083,0,0.0110128922,0.01220622299,0.0006741186353,0,0.07387788264,0.1083670977,0,0.000787650456,0.003712589393,0.004500239849,0.005711756799,0.0002150380482,0.001230249514,0.001230249514,0,0.01211595337,0.01342880924,0.0007416389629,0,0.08127755768,0.1192212435
Japan,0.007818970714,0.0107459221,0.03308245252,0.04382837461,0.6767860571,0.01507315149,0.1373198247,0.1451387954,0.4755599679,0.08727369699,0.04110321097,0.4082934489,0.0187631999,0.008557742828,1.920377646,0.01937609256,0.0272662725,0.06321501421,0.09048128671,1.629186871,0.03927436946,0.3411148787,0.3604909712,0.7600603284,0.2352219176,0.1106134751,1.142486969,0.07930009799,0.01529463297,4.46241092
China,3.138983064,0.6837525029,0.05228411357,0.7360366165,4.440072187,0.1880410375,4.324821118,7.463804182,8.910319018,4.029850925,2.553431793,13.12247655,20.93373011,1.219766472,63.59752889,3.496979,2.035050889,0.1627794716,2.19783036,8.368434272,0.2551898174,6.118632322,9.615611323,9.401351094,4.933284504,3.096436445,13.03317357,12.10730041,3.317807592,66.32641939
Papua New Guinea,0.001204359747,0.04519090414,0.01175351963,0.05694442378,5.037399362,0.08650495676,0.0174442317,0.01864859145,0,0.008283891105,0.001079684057,0.04347512524,0,0.03468086644,5.287016901,0.001109193093,0.04599313037,0.01155900409,0.05755213447,4.929733147,0.07226293697,0.01831758068,0.01942677377,0,0.009129269926,0.00118973537,0.0448109807,0,0.03606188297,5.170166861
Vanuatu,0,0,0.0002823616284,0.0002823616284,0,1.82E-05,0.0003092206838,0.0003092206838,0,0.0002319055288,0.0001981043234,0.01558992337,0,0,0.01662967735,0,0,0.0002776207201,0.0002776207201,0,1.80E-05,0.0003040317116,0.0003040317116,0,0.0002261392536,0.0001931785069,0.01535889297,0,0,0.01637790685
New Caledonia,0,0.0003249581606,2.50E-06,3.27E-04,0,0.0004750178581,0.0004859042549,0.0004859042549,0,0.0004594457894,0.001389317871,0.004950711095,0,0,0.008087856578,0,0.0003290025636,2.50E-06,3.32E-04,0,0.0004807345237,0.0004911044262,0.0004911044262,0,0.0004639042438,0.001403044446,0.005013968714,0,0,0.008184256937
Solomon Islands,0,0.0001615122307,0.0005199776026,0.0006814898334,0,3.34E-05,0.0004631189439,0.0004631189439,0,0.002337426865,0.004876392153,0.002362958629,0,0,0.01075480206,0,0.000162338926,0.0005251061559,0.0006874450819,0,3.38E-05,0.0004671655588,0.0004671655588,0,0.002358598528,0.00492275056,0.002382311966,0,0,0.0108520351
New Zealand,0.08077875869,0.008859536906,0.009838259732,0.01869779664,0.1716524234,0.0005572680067,0.0138325151,0.09461127378,0,0.009889384569,0.104897069,1.177872831,0.002452245146,0.01396536042,1.594595652,0.05856191403,0.007789544232,0.009610857369,0.0174004016,0.1702266374,0.0004269446339,0.01251356861,0.07107548264,0,0.00839683769,0.0890655778,1.189062701,0.001845882275,0.01343381699,1.560934282
Australia,0.0722103937,0.7227668065,0.02014221989,0.7429090264,1.533243722,0.8793858399,0.05677866123,0.1289890549,0,0,0,2.62591129,1.024062281,0.2526629053,7.18716412,0.1392026839,1.491456935,0.0451541242,1.536611059,5.306755052,2.338578937,0.1628812453,0.3020839292,0,0,0,3.422410369,0.8207363083,0.5360929794,14.26326863